Unnamed: 0,rank,website
7500,7501,91porny.com
7501,7502,mobile01.com
7502,7503,pharmeasy.in
7503,7504,gjacky.com
7504,7505,bookmark.xxx
7505,7506,telekom.com
7506,7507,twitpic.com
7507,7508,amzndns.com
7508,7509,azuregov-dns.us
7509,7510,pm-bet.in
7510,7511,delgarm.com
7511,7512,musicdel.ir
7512,7513,imgflip.com
7513,7514,xxxvideo.best
7514,7515,intimissimi.com
7515,7516,thenationalnews.com
7516,7517,leerolymp.com
7517,7518,xcafe.com
7518,7519,accompany.com
7519,7520,lrytas.lt
7520,7521,hawaii.gov
7521,7522,abola.pt
7522,7523,cibntv.net
7523,7524,michelin.com
7524,7525,savvasrealize.com
7525,7526,eeoc.gov
7526,7527,drogaraia.com.br
7527,7528,xxxdan.com
7528,7529,ktalk.ru
7529,7530,esic.in
7530,7531,javbus.com
7531,7532,visual.ly
7532,7533,wholefoodsmarket.com
7533,7534,whoop.com
7534,7535,bling.com.br
7535,7536,cnnamador.com
7536,7537,runnet.ru
7537,7538,madeiramadeira.com.br
7538,7539,hwccpc.com
7539,7540,manhuaus.com
7540,7541,tubev.sex
7541,7542,sikayetvar.com
7542,7543,doctoreto.com
7543,7544,paziresh24.com
7544,7545,cyberfolks.pl
7545,7546,noticiasaominuto.com
7546,7547,chess-results.com
7547,7548,cdngc.net
7548,7549,arzdigital.com
7549,7550,tonkeeper.com
7550,7551,unibo.it
7551,7552,starwars.com
7552,7553,kgns1.com
7553,7554,yottaa.net
7554,7555,jetblue.com
7555,7556,upmusics.com
7556,7557,zus.pl
7557,7558,ilrestodelcarlino.it
7558,7559,apachehaus.com
7559,7560,ky.gov
7560,7561,chinhphu.vn
7561,7562,collegedunia.com
7562,7563,yuanshen.com
7563,7564,autoscout24.it
7564,7565,tistory.com
7565,7566,uem.mz
7566,7567,gamingbible.com
7567,7568,ilex.by
7568,7569,albumoftheyear.org
7569,7570,huffingtonpost.jp
7570,7571,twingate.com
7571,7572,crsspxl.com
7572,7573,rokna.net
7573,7574,ponta.jp
7574,7575,kto.com
7575,7576,vidverto.io
7576,7577,cbrpay.ru
7577,7578,sanspo.com
7578,7579,record.pt
7579,7580,substackcdn.com
7580,7581,slobodnadalmacija.hr
7581,7582,sport.ua
7582,7583,affec.tv
7583,7584,schneevonmorgen.com
7584,7585,egihosting.com
7585,7586,msport.com
7586,7587,arpanet.jp
7587,7588,goo-net.com
7588,7589,stardewvalleywiki.com
7589,7590,sexstories.com
7590,7591,auchan.fr
7591,7592,androeed.ru
7592,7593,delaware.gov
7593,7594,mathrubhumi.com
7594,7595,24ur.com
7595,7596,sc.edu
7596,7597,lanazione.it
7597,7598,kmv.ru
7598,7599,creditmutuel.fr
7599,7600,heritage.org
7600,7601,news-cdn.site
7601,7602,spring.io
7602,7603,homes.co.jp
7603,7604,endorphina.network
7604,7605,tiermaker.com
7605,7606,boafoda.com
7606,7607,taktube.net
7607,7608,bytegecko-i18n.com
7608,7609,nla.gov.au
7609,7610,ctlcdn.cn
7610,7611,g5e.com
7611,7612,haproxy.com
7612,7613,runescape.com
7613,7614,cc.com
7614,7615,ns.ba
7615,7616,rmf24.pl
7616,7617,careem-internal.com
7617,7618,plo.vn
7618,7619,gala.fr
7619,7620,blaze.com
7620,7621,remarketstats.com
7621,7622,homegate.ch
7622,7623,a3cloud.net
7623,7624,on24.com
7624,7625,queniuhy.com
7625,7626,rusvideos.cc
7626,7627,petco.com
7627,7628,nuget.org
7628,7629,sambaporno.com
7629,7630,gsp.ro
7630,7631,usvisa-info.com
7631,7632,rubrik-lab.com
7632,7633,globaltimes.cn
7633,7634,tcd.ie
7634,7635,met.no
7635,7636,dnsv4.com
7636,7637,novelupdates.com
7637,7638,xxx18.uno
7638,7639,euro.com.pl
7639,7640,responsys.net
7640,7641,luticlip.com
7641,7642,spareroom.co.uk
7642,7643,dnszi.com
7643,7644,comfy.ua
7644,7645,tinkercad.com
7645,7646,cloudscdn.net
7646,7647,ig.com.br
7647,7648,sudrf.ru
7648,7649,clickcertain.com
7649,7650,photoacompanhantes.com
7650,7651,sexbebin.com
7651,7652,looti.org
7652,7653,telegraf.rs
7653,7654,usdoj.gov
7654,7655,photonengine.io
7655,7656,toast.com
7656,7657,screencastify.com
7657,7658,edgekey88.net
7658,7659,thumbzilla.com
7659,7660,uni-koeln.de
7660,7661,hsbc.com
7661,7662,awsdns-60.com
7662,7663,fout.jp
7663,7664,hanime.tv
7664,7665,whatfix.com
7665,7666,jetpunk.com
7666,7667,matrp.ru
7667,7668,ojrq.net
7668,7669,voz.vn
7669,7670,kone.com
7670,7671,softlayer.com
7671,7672,reason.com
7672,7673,vinmec.com
7673,7674,vaidebet.com
7674,7675,filedownload-csw-lenovo.com
7675,7676,fudan.edu.cn
7676,7677,mykronos.com
7677,7678,onabet.com
7678,7679,teleport.media
7679,7680,ecoticias.com
7680,7681,totalav.com
7681,7682,eldebate.com
7682,7683,purepeople.com
7683,7684,athome.co.jp
7684,7685,yealink.com
7685,7686,klarnaservices.com
7686,7687,quay.io
7687,7688,cameraprive.com
7688,7689,cardekho.com
7689,7690,nulls.gg
7690,7691,bankbazaar.com
7691,7692,usu.edu
7692,7693,kapanlagi.com
7693,7694,cdnga.net
7694,7695,newstatesman.com
7695,7696,livechatenterprise.com
7696,7697,driftt.com
7697,7698,matalan.co.uk
7698,7699,xiti.com
7699,7700,cloudcdns.com
7700,7701,trahkino.pro
7701,7702,cloudflare-gateway.com
7702,7703,immobiliare.it
7703,7704,rtbsystem.com
7704,7705,cdnhwcuim119.com
7705,7706,nrw.de
7706,7707,topky.sk
7707,7708,dynu.com
7708,7709,letras.com
7709,7710,awsdns-16.co.uk
7710,7711,w-x.co
7711,7712,hamshahrionline.ir
7712,7713,beanywhere.com
7713,7714,liberoquotidiano.it
7714,7715,caracoltv.com
7715,7716,hulustream.com
7716,7717,labanquepostale.fr
7717,7718,dolfindns.net
7718,7719,snap.com
7719,7720,chumbacasino.com
7720,7721,dyna-ns.net
7721,7722,cas.sk
7722,7723,ovotech.org.uk
7723,7724,adda247.com
7724,7725,unotv.com
7725,7726,kunasystems.com
7726,7727,frandroid.com
7727,7728,motorola.com
7728,7729,usebutton.com
7729,7730,sbicard.com
7730,7731,gannett-dns.com
7731,7732,catracalivre.com.br
7732,7733,cardsmobile.ru
7733,7734,pixbet.com
7734,7735,novelupdates.net
7735,7736,sail-horizon.com
7736,7737,site123.me
7737,7738,ranker.com
7738,7739,impress.co.jp
7739,7740,lpsg.com
7740,7741,alodokter.com
7741,7742,stradivarius.com
7742,7743,serpro.gov.br
7743,7744,ontario.ca
7744,7745,p-bandai.jp
7745,7746,slgnt.eu
7746,7747,vbet.am
7747,7748,eiga.com
7748,7749,zippia.com
7749,7750,bunnydns.com
7750,7751,procyclingstats.com
7751,7752,bunte.de
7752,7753,embedly.com
7753,7754,gay0day.com
7754,7755,khaleejtimes.com
7755,7756,hespress.com
7756,7757,nature.org
7757,7758,hku.hk
7758,7759,microchip.com
7759,7760,aepd.es
7760,7761,foxit.com
7761,7762,awsdns-61.com
7762,7763,voici.fr
7763,7764,ilgazzettino.it
7764,7765,nitrotype.com
7765,7766,lioden.com
7766,7767,nmas.com.mx
7767,7768,bereal.com
7768,7769,uptodown.com
7769,7770,awsdns-19.net
7770,7771,bsgslb.com
7771,7772,reverb.com
7772,7773,suruga-ya.jp
7773,7774,queensu.ca
7774,7775,f12.bet
7775,7776,sqlite.org
7776,7777,gksmdns.com
7777,7778,gawker.com
7778,7779,windowsazure.com
7779,7780,work.ua
7780,7781,99acres.com
7781,7782,esteri.it
7782,7783,bloomberglaw.com
7783,7784,evri.com
7784,7785,blogspot.in
7785,7786,typingtest.com
7786,7787,goodreturns.in
7787,7788,dyson.com
7788,7789,countryliving.com
7789,7790,closermag.fr
7790,7791,jet2holidays.com
7791,7792,mcdonalds.co.jp
7792,7793,gramedia.com
7793,7794,borsaitaliana.it
7794,7795,kriesi.at
7795,7796,gazzetta.gr
7796,7797,allure.com
7797,7798,cybersource.com
7798,7799,lachainemeteo.com
7799,7800,ankr.com
7800,7801,friv.com
7801,7802,jang.com.pk
7802,7803,bayer.com
7803,7804,rootsoc.com
7804,7805,eye4.cn
7805,7806,azure-apim.net
7806,7807,zalando.nl
7807,7808,twibbonize.com
7808,7809,caliente.mx
7809,7810,ambitionbox.com
7810,7811,alpha-prm.jp
7811,7812,cuisineaz.com
7812,7813,awsdns-27.com
7813,7814,nld.com.vn
7814,7815,fararu.com
7815,7816,awsdns-46.com
7816,7817,afmndx.com
7817,7818,dellsupportcenter.com
7818,7819,leroymerlin.es
7819,7820,nbcnewyork.com
7820,7821,europepmc.org
7821,7822,tiempo.com
7822,7823,polsatnews.pl
7823,7824,icc-cricket.com
7824,7825,cikrf.ru
7825,7826,maybank2u.com.my
7826,7827,decathlon.es
7827,7828,instanavigation.com
7828,7829,getcomposer.org
7829,7830,israelhayom.co.il
7830,7831,theme-fusion.com
7831,7832,dagospia.com
7832,7833,rp-online.de
7833,7834,21vek.by
7834,7835,lendingtree.com
7835,7836,netis.cc
7836,7837,jalopnik.com
7837,7838,dc.gov
7838,7839,strikingly.com
7839,7840,provenexpert.com
7840,7841,alhurra.com
7841,7842,boots.com
7842,7843,mlit.go.jp
7843,7844,beehiiv.com
7844,7845,eva.vn
7845,7846,eitaa.com
7846,7847,jiomart.com
7847,7848,alo.rs
7848,7849,goodsync.com
7849,7850,123moviesfree.net
7850,7851,livekit.cloud
7851,7852,jofogas.hu
7852,7853,metal-archives.com
7853,7854,hoes.tube
7854,7855,walmartimages.com
7855,7856,freee.co.jp
7856,7857,dns.id
7857,7858,bancoestado.cl
7858,7859,mindbodygreen.com
7859,7860,pubnubapi.com
7860,7861,s-cloud.fi
7861,7862,indianrail.gov.in
7862,7863,wpscdn.com
7863,7864,faperoni.com
7864,7865,bangkokpost.com
7865,7866,gn-dns.com
7866,7867,sflix.to
7867,7868,aj2615.bid
7868,7869,nsdl.com
7869,7870,oikotie.fi
7870,7871,kameleoon.io
7871,7872,googl.com
7872,7873,mgronline.com
7873,7874,tasteofhome.com
7874,7875,constructpreachystopper.com
7875,7876,eroprofile.com
7876,7877,ilgiorno.it
7877,7878,0123movie.net
7878,7879,minute.ly
7879,7880,kahoot.com
7880,7881,walkerplus.com
7881,7882,nobroker.in
7882,7883,forocoches.com
7883,7884,confluent.cloud
7884,7885,panorama9.com
7885,7886,tuttomercatoweb.com
7886,7887,google.com.sb
7887,7888,tecnoera.com
7888,7889,idokep.hu
7889,7890,mobileapptracking.com
7890,7891,faradeed.ir
7891,7892,hs-sites.com
7892,7893,yaeby.art
7893,7894,gcd-dns.com
7894,7895,ridibooks.com
7895,7896,n1info.rs
7896,7897,danas.rs
7897,7898,mendeley.com
7898,7899,wikiwiki.jp
7899,7900,xnxx-ru.com
7900,7901,haproxy.org
7901,7902,ticktick.com
7902,7903,dattobackup.com
7903,7904,ixigo.com
7904,7905,tportal.hr
7905,7906,eexsync.com
7906,7907,iperceptions.com
7907,7908,beget.tech
7908,7909,soso.com
7909,7910,yy.com
7910,7911,multporn.net
7911,7912,natrohost.com
7912,7913,divvy.co
7913,7914,neocities.org
7914,7915,sugarcrm.com
7915,7916,isharing-gps.com
7916,7917,sezzle.com
7917,7918,cnbcfm.com
7918,7919,scribblehub.com
7919,7920,namnak.com
7920,7921,odysee.com
7921,7922,kit.edu
7922,7923,my-personaltrainer.it
7923,7924,ozon.by
7924,7925,google.com.sl
7925,7926,servicewebly.com
7926,7927,lucid.app
7927,7928,iionads.com
7928,7929,cleartax.in
7929,7930,uni-freiburg.de
7930,7931,litmarket.ru
7931,7932,milffox.com
7932,7933,mdzol.com
7933,7934,inkscape.org
7934,7935,utkonos.ru
7935,7936,pipedrive.com
7936,7937,mirostatic.com
7937,7938,digitaleast.mobi
7938,7939,soha.vn
7939,7940,tonapi.io
7940,7941,diariouno.com.ar
7941,7942,xsrv.jp
7942,7943,canalrcn.com
7943,7944,awsdns-22.com
7944,7945,ccc.eu
7945,7946,huanqiu.com
7946,7947,pdfcoffee.com
7947,7948,spicychat.ai
7948,7949,danviet.vn
7949,7950,reyrey.net
7950,7951,kino.de
7951,7952,soom.la
7952,7953,centurylink.net
7953,7954,pornhubs.video
7954,7955,tabnine.com
7955,7956,uu.se
7956,7957,tabletki.ua
7957,7958,instiz.net
7958,7959,filgoal.com
7959,7960,stltoday.com
7960,7961,znews.vn
7961,7962,ciceksepeti.com
7962,7963,cutout.pro
7963,7964,mailspike.net
7964,7965,cancerresearchuk.org
7965,7966,starfieldtech.com
7966,7967,codashop.com
7967,7968,ncsl.org
7968,7969,forebet.com
7969,7970,vewd.com
7970,7971,parivahan.gov.in
7971,7972,mawdoo3.com
7972,7973,lpl.com
7973,7974,mp.gov.in
7974,7975,bancogalicia.com.ar
7975,7976,tru.am
7976,7977,mtvuutiset.fi
7977,7978,at-o.net
7978,7979,foreignaffairs.com
7979,7980,nickfinder.com
7980,7981,sciencenews.org
7981,7982,qxbroker.com
7982,7983,fmovies.co
7983,7984,letmejerk.com
7984,7985,goldenfrog.com
7985,7986,medallia.eu
7986,7987,gobankingrates.com
7987,7988,getrushapp.com
7988,7989,drexel.edu
7989,7990,truecardev.com
7990,7991,cq0.co
7991,7992,getintopc.com
7992,7993,post.ir
7993,7994,google.st
7994,7995,wpeproxy.com
7995,7996,nsctotal.com.br
7996,7997,awsstatic.com
7997,7998,blogtalkradio.com
7998,7999,news247.gr
7999,8000,ethereum.org
8000,8001,grainger.com
8001,8002,tech-logol.ru
8002,8003,assertcom.de
8003,8004,immoweb.be
8004,8005,iefimerida.gr
8005,8006,lenta.tech
8006,8007,gendai.media
8007,8008,lidl.es
8008,8009,bixbyllm.com
8009,8010,deliveryhero.net
8010,8011,videocelebs.net
8011,8012,trimble.com
8012,8013,exporntoons.net
8013,8014,spiritfanfiction.com
8014,8015,privateinternetaccess.com
8015,8016,haraj.com.sa
8016,8017,allegro.cz
8017,8018,postman.co
8018,8019,google.je
8019,8020,fdj.fr
8020,8021,edublogs.org
8021,8022,insta-stories-viewer.com
8022,8023,tamin.ir
8023,8024,cinepolis.com
8024,8025,airasia.com
8025,8026,ozbargain.com.au
8026,8027,lotterypost.com
8027,8028,inmobi-choice.io
8028,8029,biccamera.com
8029,8030,usemessages.com
8030,8031,jumpcloud.com
8031,8032,internshala.com
8032,8033,sefon.pro
8033,8034,vtcnews.vn
8034,8035,entekhab.ir
8035,8036,jugantor.com
8036,8037,hclips.com
8037,8038,osd.mil
8038,8039,msg-csw-lenovo.com
8039,8040,enuygun.com
8040,8041,donedeal.ie
8041,8042,pozdravok.com
8042,8043,yougov.com
8043,8044,ametek.com
8044,8045,lacentrale.fr
8045,8046,maze.co
8046,8047,beforward.jp
8047,8048,leggo.it
8048,8049,correoargentino.com.ar
8049,8050,particlenews.com
8050,8051,booklive.jp
8051,8052,nexage.com
8052,8053,licindia.in
8053,8054,afp.com
8054,8055,idaho.gov
8055,8056,nomura.co.jp
8056,8057,narrativ.com
8057,8058,nitori-net.jp
8058,8059,livetex.ru
8059,8060,ku.dk
8060,8061,jp.net
8061,8062,startpage.com
8062,8063,bonprix.de
8063,8064,huntresscdn.com
8064,8065,brunch.co.kr
8065,8066,8ballpool.com
8066,8067,volkskrant.nl
8067,8068,shonenjumpplus.com
8068,8069,voetbalprimeur.nl
8069,8070,ifttt.com
8070,8071,lazada.vn
8071,8072,myherbalife.com
8072,8073,zalando.fr
8073,8074,akakce.com
8074,8075,xvtest.net
8075,8076,telenet.be
8076,8077,fortnite.gg
8077,8078,icrc.org
8078,8079,awsdns-19.com
8079,8080,iesnare.com
8080,8081,eeglautsu.com
8081,8082,avant.si
8082,8083,1377x.to
8083,8084,laredoute.fr
8084,8085,redbus.in
8085,8086,ispconfig.org
8086,8087,mykhel.com
8087,8088,nimo.tv
8088,8089,law.com
8089,8090,yad2.co.il
8090,8091,kameleoon.eu
8091,8092,ohio-state.edu
8092,8093,sumup.com
8093,8094,stripchat.global
8094,8095,blockchain.info
8095,8096,mofa.go.jp
8096,8097,unibet.com
8097,8098,kqed.org
8098,8099,lightnovelworld.co
8099,8100,alberta.ca
8100,8101,porntop.com
8101,8102,playerok.com
8102,8103,sexkomix2.com
8103,8104,google.gm
8104,8105,vivareal.com.br
8105,8106,fotomac.com.tr
8106,8107,nic.pw
8107,8108,dinamalar.com
8108,8109,attdns.com
8109,8110,myflixerz.to
8110,8111,batotoo.com
8111,8112,gotostage.com
8112,8113,bestjavporn.com
8113,8114,gov.uz
8114,8115,squirt.org
8115,8116,squarecdn.com
8116,8117,anandabazar.com
8117,8118,bufferapp.com
8118,8119,flashback.org
8119,8120,qualaroo.com
8120,8121,ntvspor.net
8121,8122,kurashiru.com
8122,8123,meteociel.fr
8123,8124,adjarabet.am
8124,8125,relevo.com
8125,8126,blogspot.it
8126,8127,ada.com
8127,8128,adultwork.com
8128,8129,fotogramas.es
8129,8130,amebaownd.com
8130,8131,boosty.to
8131,8132,ub.edu
8132,8133,gazeteduvar.com.tr
8133,8134,fandomwire.com
8134,8135,audrte.com
8135,8136,doviz.com
8136,8137,jjgirls.com
8137,8138,elcinema.com
8138,8139,smbcnikko.co.jp
8139,8140,omappapi.com
8140,8141,doctoralia.com.br
8141,8142,hentaiheroes.com
8142,8143,boy18tube.com
8143,8144,monotaro.com
8144,8145,oceanofpdf.com
8145,8146,redwap.me
8146,8147,vdsina.ru
8147,8148,24chasa.bg
8148,8149,officeally.com
8149,8150,mandmdirect.com
8150,8151,car.gr
8151,8152,awsdns-39.com
8152,8153,b2c.com
8153,8154,energystar.gov
8154,8155,supportview.com
8155,8156,elitebabes.com
8156,8157,cashify.in
8157,8158,superuser.com
8158,8159,choicehotels.com
8159,8160,sisal.it
8160,8161,readmanga.io
8161,8162,unt.edu
8162,8163,yadro.ru
8163,8164,vk-portal.net
8164,8165,autotrader.co.za
8165,8166,abercrombie.com
8166,8167,sport-fm.gr
8167,8168,olo.com
8168,8169,maersk.com
8169,8170,loteriasyapuestas.es
8170,8171,cdxcn.net
8171,8172,mangapark.net
8172,8173,trilltrill.jp
8173,8174,tubegalore.com
8174,8175,odatv.com
8175,8176,sofifa.com
8176,8177,pudelek.pl
8177,8178,concedederaserskyline.com
8178,8179,zalando.it
8179,8180,telenor.dk
8180,8181,tenablesecurity.com
8181,8182,perfectgirls.xxx
8182,8183,digicert.cn
8183,8184,ripley.cl
8184,8185,hihi2.com
8185,8186,zalando.pl
8186,8187,lecturas.com
8187,8188,lacuerda.net
8188,8189,favbet.ua
8189,8190,tudocelular.com
8190,8191,panda.org
8191,8192,batdongsan.com.vn
8192,8193,matichon.co.th
8193,8194,skyscanner.co.in
8194,8195,bola.com
8195,8196,illumin.com
8196,8197,jianshu.com
8197,8198,doramy.club
8198,8199,genial.ly
8199,8200,readli.net
8200,8201,case-battle.fun
8201,8202,atol.ru
8202,8203,maturetube.com
8203,8204,nptel.ac.in
8204,8205,chaturbate.eu
8205,8206,idlixofficialx.net
8206,8207,decathlon.pl
8207,8208,trovaprezzi.it
8208,8209,enpantallas.com
8209,8210,gree.net
8210,8211,darty.com
8211,8212,us.org
8212,8213,kuwo.cn
8213,8214,moviesjoy.is
8214,8215,euro-football.ru
8215,8216,poste.dz
8216,8217,vwgroup.com
8217,8218,prosport.ro
8218,8219,toomics.com
8219,8220,kaotic.com
8220,8221,olx.com.pk
8221,8222,socialmediagirls.com
8222,8223,sex-studentki.guru
8223,8224,romeo.com
8224,8225,urmombl.com
8225,8226,getty.edu
8226,8227,authorizedvault.com
8227,8228,gfycat.com
8228,8229,medonet.pl
8229,8230,worldatlas.com
8230,8231,yenicaggazetesi.com.tr
8231,8232,nikkei225jp.com
8232,8233,google.mg
8233,8234,boundhub.com
8234,8235,oktapreview.com
8235,8236,minecraft-inside.ru
8236,8237,ucar.edu
8237,8238,tvanouvelles.ca
8238,8239,sharepoint.us
8239,8240,winzogames.com
8240,8241,filmix.fm
8241,8242,record.com.mx
8242,8243,unctad.org
8243,8244,meetme.com
8244,8245,labkas.com
8245,8246,mailshell.net
8246,8247,rentry.co
8247,8248,mixnews.lv
8248,8249,say.games
8249,8250,kinogo.biz
8250,8251,se.pl
8251,8252,brainly.lat
8252,8253,somon.tj
8253,8254,totogaming.am
8254,8255,mediavitrina.ru
8255,8256,storify.com
8256,8257,asics.com
8257,8258,vogue.co.uk
8258,8259,csic.es
8259,8260,reviewjournal.com
8260,8261,likemanga.io
8261,8262,depop.com
8262,8263,magazinevoce.com.br
8263,8264,nova.rs
8264,8265,conforama.fr
8265,8266,rdsnet.ro
8266,8267,cellphones.com.vn
8267,8268,cdn28.com
8268,8269,kemdikbud.go.id
8269,8270,epicentrk.ua
8270,8271,adliran.ir
8271,8272,xn--ngstr-lra8j.com
8272,8273,jmty.jp
8273,8274,animepahe.ru
8274,8275,megapath.com
8275,8276,zahid.host
8276,8277,shooshtime.com
8277,8278,mudah.my
8278,8279,bellemaison.jp
8279,8280,digisport.ro
8280,8281,spov-dc-msedge.net
8281,8282,wcofun.net
8282,8283,lidl.fr
8283,8284,papy.co.jp
8284,8285,ingentaconnect.com
8285,8286,awsdns-49.com
8286,8287,kqzyfj.com
8287,8288,cursor.sh
8288,8289,bolasport.com
8289,8290,newsit.gr
8290,8291,drcomputers.it
8291,8292,javlibrary.com
8292,8293,elbalad.news
8293,8294,bibliaon.com
8294,8295,freshporno.net
8295,8296,veikkaus.fi
8296,8297,queniuwx.com
8297,8298,payscale.com
8298,8299,abadis.ir
8299,8300,readmangabat.com
8300,8301,newsbeast.gr
8301,8302,lobstertube.com
8302,8303,machotube.tv
8303,8304,hostwindsdns.com
8304,8305,pgf-thzvvo.com
8305,8306,loveread.ec
8306,8307,modyolo.com
8307,8308,bcgame.top
8308,8309,listrakbi.com
8309,8310,bharian.com.my
8310,8311,ecopsy.com
8311,8312,kingofshojo.com
8312,8313,nefisyemektarifleri.com
8313,8314,syndigo.com
8314,8315,haremaltin.com
8315,8316,9news.com.au
8316,8317,metadsp.co.uk
8317,8318,asianc.sh
8318,8319,hiworks.com
8319,8320,ninite.com
8320,8321,alaska.gov
8321,8322,freeservers.com
8322,8323,haveibeenpwned.com
8323,8324,partslink24.com
8324,8325,minkabu.jp
8325,8326,chunkbase.com
8326,8327,paris.cl
8327,8328,viefaucet.com
8328,8329,xn--mgbkt9eckr.net
8329,8330,mangareader.to
8330,8331,cognitoforms.com
8331,8332,huyamba.info
8332,8333,fastdl.app
8333,8334,jsfiddle.net
8334,8335,postype.com
8335,8336,betplay.com.co
8336,8337,indiatv.in
8337,8338,twpornstars.com
8338,8339,bundestag.de
8339,8340,steamunlocked.net
8340,8341,readawrite.com
8341,8342,msn.cn
8342,8343,xhopen.com
8343,8344,osf.io
8344,8345,augipt.com
8345,8346,nan-net.com
8346,8347,snapsave.app
8347,8348,vyvymanga.net
8348,8349,iamcook.ru
8349,8350,makeup.com.ua
8350,8351,trustedcpmrevenue.com
8351,8352,hasznaltauto.hu
8352,8353,aidata.io
8353,8354,bestialitysextaboo.net
8354,8355,emptyhammock.com
8355,8356,wonporn.com
8356,8357,psdops.com
8357,8358,impression.link
8358,8359,anitaku.pe
8359,8360,g4media.ro
8360,8361,taptapnetworks.com
8361,8362,javhd.today
8362,8363,ewaybillgst.gov.in
8363,8364,blogspot.com.au
8364,8365,snl24.com
8365,8366,19216811.uno
8366,8367,coffeemanga.io
8367,8368,kinogo.uk
8368,8369,tv3.lt
8369,8370,thepiratebay.org
8370,8371,intersport.fr
8371,8372,tv9hindi.com
8372,8373,cybera.net
8373,8374,dailycaller.com
8374,8375,nextcloud.com
8375,8376,zalando.es
8376,8377,f-sos.net
8377,8378,gree.jp
8378,8379,ou.edu
8379,8380,lybrate.com
8380,8381,attheraces.com
8381,8382,phgop1.com
8382,8383,wecima.show
8383,8384,igram.world
8384,8385,raterhub.com
8385,8386,mileroticos.com
8386,8387,frameo.net
8387,8388,yoomoney.ru
8388,8389,iskur.gov.tr
8389,8390,tax.gov.ir
8390,8391,espn.com.mx
8391,8392,tiava.com
8392,8393,archive-digger.com
8393,8394,but.fr
8394,8395,mn.gov
8395,8396,kdvm.ru
8396,8397,chipotle.com
8397,8398,nudogram.com
8398,8399,dyndns.tv
8399,8400,vaultdcr.com
8400,8401,cnzz.com
8401,8402,sxyprn.net
8402,8403,hupo.com
8403,8404,lagradaonline.com
8404,8405,flashscorekz.com
8405,8406,xhwebsite5.com
8406,8407,f-secure.com
8407,8408,dailynews.co.th
8408,8409,sakshi.com
8409,8410,mgeko.cc
8410,8411,iwank.tv
8411,8412,porndr.com
8412,8413,chimpstatic.com
8413,8414,usajobs.gov
8414,8415,bahesab.ir
8415,8416,hlebo.mobi
8416,8417,floors.dev
8417,8418,999.md
8418,8419,kaliscan.io
8419,8420,ibps.in
8420,8421,tiktokio.com
8421,8422,brightcovecdn.com
8422,8423,remaker.ai
8423,8424,dinotube.com
8424,8425,vcu.edu
8425,8426,channelexco.com
8426,8427,flightrising.com
8427,8428,top-hot-survey.com
8428,8429,belnovosti.by
8429,8430,danword.com
8430,8431,kiabi.com
8431,8432,melonstube.com
8432,8433,impots.gouv.fr
8433,8434,depor.com
8434,8435,toroporno.com
8435,8436,sport.ro
8436,8437,mywellness.com
8437,8438,lottomatica.it
8438,8439,kabutan.jp
8439,8440,java.net
8440,8441,mgm.gov.tr
8441,8442,stoiximan.gr
8442,8443,crowd-umlaut.com
8443,8444,nit.pt
8444,8445,onlinekhabar.com
8445,8446,ngrok.com
8446,8447,case.edu
8447,8448,lekmanga.net
8448,8449,cryoutcreations.eu
8449,8450,otakudesu.cloud
8450,8451,hentai20.io
8451,8452,parfois.com
8452,8453,ok.porn
8453,8454,bazos.cz
8454,8455,hentairead.com
8455,8456,apps.chrome
8456,8457,romsfun.com
8457,8458,betesporte.com
8458,8459,eci.gov.in
8459,8460,mamikos.com
8460,8461,ekitan.com
8461,8462,soccer365.ru
8462,8463,orange.com
8463,8464,brainlyads.com
8464,8465,delhivery.com
8465,8466,manhuagui.com
8466,8467,mercantilbanco.com
8467,8468,fdic.gov
8468,8469,etstur.com
8469,8470,homo.xxx
8470,8471,playfootball.games
8471,8472,tattle.life
8472,8473,goldbet.it
8473,8474,anix.to
8474,8475,nottingham.ac.uk
8475,8476,zoroxtv.to
8476,8477,agenciatributaria.gob.es
8477,8478,q4web.com
8478,8479,feverup.com
8479,8480,sexvideo.click
8480,8481,primor.eu
8481,8482,paho.org
8482,8483,asianetnews.com
8483,8484,snigelweb.com
8484,8485,ncl.ac.uk
8485,8486,nhentai.to
8486,8487,samqaicongen.com
8487,8488,amedia.site
8488,8489,showup.tv
8489,8490,dnse3.com
8490,8491,wikitree.co.kr
8491,8492,shahrekhabar.com
8492,8493,balena-cloud.com
8493,8494,bluestone.com
8494,8495,manga18.club
8495,8496,google.im
8496,8497,fimela.com
8497,8498,simpkb.id
8498,8499,k-manga.jp
8499,8500,internetwarriors.net
8500,8501,gandul.ro
8501,8502,sexvideos.rodeo
8502,8503,komikcast.cz
8503,8504,vidmateapp.com
8504,8505,bancodevenezuela.com
8505,8506,psiphon.news
8506,8507,porsche.cloud
8507,8508,metruyencv.com
8508,8509,amateri.com
8509,8510,7mmtv.sx
8510,8511,patrika.com
8511,8512,pornohirsch.net
8512,8513,fotmob.com
8513,8514,peta.org
8514,8515,summonersky.com
8515,8516,pciconcursos.com.br
8516,8517,linkplay.com
8517,8518,happymail.co.jp
8518,8519,ymcdn.org
8519,8520,meutimao.com.br
8520,8521,javdb.com
8521,8522,surveoo.com
8522,8523,arabysexy.mobi
8523,8524,volcgtm.com
8524,8525,uiporn.com
8525,8526,jkanime.net
8526,8527,amazon-dss.com
8527,8528,cheqzone.com
8528,8529,uzh.ch
8529,8530,efortuna.pl
8530,8531,punishworld.com
8531,8532,khabarvarzeshi.com
8532,8533,datezone.com
8533,8534,cinepornogratis.com
8534,8535,hivebedrock.network
8535,8536,parliament.uk
8536,8537,weborama-tech.ru
8537,8538,oantagonista.com.br
8538,8539,jbzd.com.pl
8539,8540,y2meta.app
8540,8541,lespompeurs.com
8541,8542,clck.ru
8542,8543,bendingspoonsapps.com
8543,8544,coupert.com
8544,8545,sssinstagram.com
8545,8546,railyatri.in
8546,8547,filmesporno.xxx
8547,8548,xxxz.tv
8548,8549,quovadisglobal.com
8549,8550,aniworld.to
8550,8551,argentina.gob.ar
8551,8552,google.com.vc
8552,8553,whatmobile.com.pk
8553,8554,3isk.biz
8554,8555,micasino.com
8555,8556,sltrib.com
8556,8557,bestwestern.com
8557,8558,politifact.com
8558,8559,zistop.com
8559,8560,pornlulu.com
8560,8561,rshb.ru
8561,8562,fdownloader.net
8562,8563,vista.ir
8563,8564,volcanoh5game.com
8564,8565,porno-zona.com
8565,8566,qustodio.com
8566,8567,kuruma-news.jp
8567,8568,wetransfer.net
8568,8569,la.gov
8569,8570,starfall.com
8570,8571,trashbox.ru
8571,8572,bokepindoh.homes
8572,8573,joporn.name
8573,8574,newsbomb.gr
8574,8575,list.am
8575,8576,betflag.it
8576,8577,vatanbilgisayar.com
8577,8578,webteb.com
8578,8579,trackwilltrk.com
8579,8580,sto.cx
8580,8581,123tt.ru
8581,8582,ruhr24.de
8582,8583,widen.net
8583,8584,hmetro.com.my
8584,8585,gosexpod.com
8585,8586,ala.org
8586,8587,rnp.br
8587,8588,wplay.co
8588,8589,hsleadflows.net
8589,8590,beastiality.tv
8590,8591,r7.com
8591,8592,belka-games.com
8592,8593,shipstation.com
8593,8594,stiripesurse.ro
8594,8595,newspapers.com
8595,8596,viki.com
8596,8597,google.to
8597,8598,bitcoin.com
8598,8599,wisgoon.com
8599,8600,animeonline.ninja
8600,8601,microsofttranslator.com
8601,8602,ero-video.net
8602,8603,queniuaa.com
8603,8604,btinternet.com
8604,8605,skyscanner.es
8605,8606,fextok.com
8606,8607,ingresso.com
8607,8608,comic-walker.com
8608,8609,basspro.com
8609,8610,dolarhoy.com
8610,8611,indo18.com
8611,8612,consultaremedios.com.br
8612,8613,otvfoco.com.br
8613,8614,clickpetroleoegas.com.br
8614,8615,drikpanchang.com
8615,8616,gekso.com
8616,8617,aflamk1.net
8617,8618,freegames.com
8618,8619,hentaila.com
8619,8620,vietel.com.vn
8620,8621,cdromance.org
8621,8622,sibforms.com
8622,8623,giantfreakinrobot.com
8623,8624,bose.com
8624,8625,dzone.com
8625,8626,nutanix.com
8626,8627,rollbar.com
8627,8628,eldestapeweb.com
8628,8629,gohugo.io
8629,8630,notube.fi
8630,8631,3gl.net
8631,8632,intacct.com
8632,8633,bluewin.ch
8633,8634,nordkurier.de
8634,8635,myupchar.com
8635,8636,auerproxy.de
8636,8637,libguides.com
8637,8638,dv.tech
8638,8639,xanimu.com
8639,8640,myasiantv.ac
8640,8641,bustybus.com
8641,8642,meteofor.com.ua
8642,8643,up.gov.in
8643,8644,sportpesa.com
8644,8645,searchplayground.google
8645,8646,fullhdfilmizlesene.de
8646,8647,retargetly.com
8647,8648,teleparty.com
8648,8649,ojogo.pt
8649,8650,hqporn.xxx
8650,8651,komiku.com
8651,8652,languagetool.org
8652,8653,wapoz.info
8653,8654,gismeteo.by
8654,8655,sm3ha.mx
8655,8656,townwork.net
8656,8657,bugfender.com
8657,8658,tvazteca.com
8658,8659,hello.porn
8659,8660,baike.com
8660,8661,njavtv.com
8661,8662,intsig.net
8662,8663,aweray.net
8663,8664,shabdkosh.com
8664,8665,karte.io
8665,8666,xhchannel2.com
8666,8667,signifyd.com
8667,8668,ncore.pro
8668,8669,swing-zone.com
8669,8670,romaniatv.net
8670,8671,ketchcdn.com
8671,8672,gazetakrakowska.pl
8672,8673,nikkeibp.co.jp
8673,8674,simonandschuster.com
8674,8675,arabx.cam
8675,8676,mintmanga.one
8676,8677,ogcom.xyz
8677,8678,darknessporn.com
8678,8679,overcrowdsillyturret.com
8679,8680,steelhousemedia.com
8680,8681,looti.net
8681,8682,kansascity.com
8682,8683,dziennikzachodni.pl
8683,8684,mojapp.in
8684,8685,talkie-ai.com
8685,8686,freepornvideo.sex
8686,8687,tencent-cloud.com
8687,8688,adtdp.com
8688,8689,ruckuswireless.com
8689,8690,bromium-online.com
8690,8691,cdnhwc10.com
8691,8692,designboom.com
8692,8693,relevant-digital.com
8693,8694,livesport.cz
8694,8695,ouedkniss.com
8695,8696,gazetawroclawska.pl
8696,8697,shop-pro.jp
8697,8698,adventori.com
8698,8699,leolist.cc
8699,8700,sex4arab.xxx
8700,8701,kanoon.ir
8701,8702,lacuarta.com
8702,8703,scn-net.ne.jp
8703,8704,dealer.com
8704,8705,world.co.jp
8705,8706,tala.ir
8706,8707,roeyecdn.com
8707,8708,boylove.cc
8708,8709,intal.uz
8709,8710,bluesystem.me
8710,8711,remanga.org
8711,8712,above.com
8712,8713,my.gov.ir
8713,8714,pornozavr.net
8714,8715,josporn.club
8715,8716,sendspace.com
8716,8717,yallakora.com
8717,8718,xxvideos.video
8718,8719,videowalldirect.com
8719,8720,mtlnovel.com
8720,8721,autohome.com.cn
8721,8722,lunamedia.live
8722,8723,obilet.com
8723,8724,onlyindianx.cc
8724,8725,sportsseier.com
8725,8726,sslkn.mobi
8726,8727,moe.gov.cn
8727,8728,xnxxsex.net
8728,8729,e-estekhdam.com
8729,8730,tt1069.com
8730,8731,rmf.fm
8731,8732,animego.org
8732,8733,vivastreet.co.uk
8733,8734,falabella.com.pe
8734,8735,awsdns-41.com
8735,8736,noupochaup.com
8736,8737,18comic.org
8737,8738,manhwas.net
8738,8739,fsiblog3.club
8739,8740,nobat.ir
8740,8741,dienmayxanh.com
8741,8742,uwo.ca
8742,8743,arab-xn.com
8743,8744,canalblog.com
8744,8745,la.lv
8745,8746,icsobdjtjn.net
8746,8747,mlookalporno.com
8747,8748,geediting.com
8748,8749,macaro-ni.jp
8749,8750,ekonomim.com
8750,8751,mchs.ru
8751,8752,rst.ua
8752,8753,manwa.me
8753,8754,jmbilegame.com
8754,8755,videosdemadurasx.com
8755,8756,informer.rs
8756,8757,sexvid.porn
8757,8758,uakino.me
8758,8759,3gpking.name
8759,8760,wri.org
8760,8761,splashthat.com
8761,8762,3rabxn.com
8762,8763,yalla-shoot-tv.live
8763,8764,shrmha.com
8764,8765,sdsu.edu
8765,8766,voiranime.com
8766,8767,busbud.com
8767,8768,monitordomercado.com.br
8768,8769,lokmat.com
8769,8770,anses.gob.ar
8770,8771,cimri.com
8771,8772,suksesbogil.com
8772,8773,zi-scripts.com
8773,8774,programme-television.org
8774,8775,insightfulreads.net
8775,8776,novelpia.com
8776,8777,sefan.ru
8777,8778,survey-with-prize.com
8778,8779,amazon.cn
8779,8780,nhathuoclongchau.com.vn
8780,8781,kobiiys.com
8781,8782,alphadnszone.com
8782,8783,sports.fr
8783,8784,bola.net
8784,8785,transfermarkt.es
8785,8786,redtube.com.br
8786,8787,fogaonet.com
8787,8788,springerlink.com
8788,8789,rfihub.net
8789,8790,gercekgundem.com
8790,8791,anime-sama.fr
8791,8792,arabsex1.com
8792,8793,andhrajyothy.com
8793,8794,gismeteo.kz
8794,8795,zoofilia.blog
8795,8796,digitalgov.gov
8796,8797,sarhne.com
8797,8798,uvm.edu
8798,8799,arabshentai.com
8799,8800,thepaper.cn
8800,8801,ixxx1.com
8801,8802,wb.gov.in
8802,8803,qvc.de
8803,8804,homecenter.com.co
8804,8805,readwrite.com
8805,8806,takbet.com
8806,8807,yesplay.bet
8807,8808,amzndns.net
8808,8809,drishtiias.com
8809,8810,safar724.com
8810,8811,admedo.com
8811,8812,skyscanner.it
8812,8813,kaluga-poisk.ru
8813,8814,jaya9.win
8814,8815,perfdrive.com
8815,8816,channelmyanmar.to
8816,8817,awsdns-15.com
8817,8818,wartank.ru
8818,8819,desivdo.com
8819,8820,cuni.cz
8820,8821,ebalovo.xxx
8821,8822,3sex.com
8822,8823,sri.gob.ec
8823,8824,meteomedia.com
8824,8825,cwa.gov.tw
8825,8826,investidor10.com.br
8826,8827,bluebeam.com
8827,8828,halktv.com.tr
8828,8829,trs-dns.net
8829,8830,sportal.bg
8830,8831,windscribe.com
8831,8832,khafan.net
8832,8833,diziyou.co
8833,8834,kkxxtt.com
8834,8835,echodnia.eu
8835,8836,iranjib.ir
8836,8837,evraz.com
8837,8838,tvn.pl
8838,8839,actualno.com
8839,8840,resultadofacil.com.br
8840,8841,york.ac.uk
8841,8842,inmarketexchange.com
8842,8843,monsnode.com
8843,8844,mgdemon.org
8844,8845,getrockerbox.com
8845,8846,ripley.com.pe
8846,8847,seg-social.pt
8847,8848,realsbet.com
8848,8849,destacamos.com
8849,8850,bain.com
8850,8851,animesonlinecc.to
8851,8852,rip.ie
8852,8853,centraldasapostas.net
8853,8854,animefire.plus
8854,8855,manhuaplus.org
8855,8856,prodevreal.com
8856,8857,sellatuparley.com
8857,8858,pornobrasil.com
8858,8859,placardefutebol.com.br
8859,8860,pornomineiro.com
8860,8861,assets-yammer.com
8861,8862,3xyaoi.com
8862,8863,casinoenvivo.club
8863,8864,popbrapronto.com
8864,8865,pscube.jp
8865,8866,sussytoons.com
8866,8867,xvideos.blog
8867,8868,thecooldown.com
8868,8869,webofcomics.ru
8869,8870,gloswielkopolski.pl
8870,8871,esuteru.com
8871,8872,navercorp.com
8872,8873,tamilvip.bike
8873,8874,missyusa.com
8874,8875,pusherapp.com
8875,8876,focus-news.net
8876,8877,router-network.com
8877,8878,intlgame.com
8878,8879,jeetbuzz.com
8879,8880,vwapps.io
8880,8881,blitz.bg
8881,8882,tfbnw.net
8882,8883,noor-book.com
8883,8884,livesport.com
8884,8885,freesexarab.com
8885,8886,appmedia.jp
8886,8887,brawlstarsgame.com
8887,8888,heyvagroup.com
8888,8889,pocketoption.com
8889,8890,aryion.com
8890,8891,bkn.go.id
8891,8892,google.org
8892,8893,theculturetrip.com
8893,8894,flashscore.co.uk
8894,8895,sverigesradio.se
8895,8896,zerozero.pt
8896,8897,wsglb0.info
8897,8898,decathlon.it
8898,8899,scholarships.gov.in
8899,8900,nettiauto.com
8900,8901,p-world.co.jp
8901,8902,usergate.com
8902,8903,sensacine.com
8903,8904,rijksoverheid.nl
8904,8905,loksatta.com
8905,8906,dianomi.com
8906,8907,privateproperty.co.za
8907,8908,rakuten-card.co.jp
8908,8909,kinnser.net
8909,8910,delishkitchen.tv
8910,8911,988lifeline.org
8911,8912,avidreaders.ru
8912,8913,deseret.com
8913,8914,rnz.co.nz
8914,8915,elsob7.com
8915,8916,worldoftanks.eu
8916,8917,activebeat.com
8917,8918,famethemes.com
8918,8919,shmu.sk
8919,8920,nextersglobal.com
8920,8921,dignitymemorial.com
8921,8922,jfrog.io
8922,8923,sex-alarabi.com
8923,8924,nowiny24.pl
8924,8925,convertexperiments.com
8925,8926,cpx.to
8926,8927,mcas.ms
8927,8928,fanatik.ro
8928,8929,elavon.com
8929,8930,xxx.report
8930,8931,saveinsta.app
8931,8932,doe.gov
8932,8933,sympla.com.br
8933,8934,comiko.net
8934,8935,pisofiph.com
8935,8936,baza-knig.ink
8936,8937,newcastle.edu.au
8937,8938,blogspot.ru
8938,8939,13.cl
8939,8940,cuevana.biz
8940,8941,emlakjet.com
8941,8942,awsdns-53.com
8942,8943,uberns.com
8943,8944,emailsrvr.com
8944,8945,windowscentral.com
8945,8946,aov-news.com
8946,8947,patagonia.com
8947,8948,bloomingdales.com
8948,8949,profesia.sk
8949,8950,mixputaria.com
8950,8951,soccer24.com
8951,8952,sdna.gr
8952,8953,browser-intake-datadoghq.eu
8953,8954,dedeman.ro
8954,8955,koctas.com.tr
8955,8956,awsdns-43.com
8956,8957,eyeo.com
8957,8958,uptvs.com
8958,8959,ultradns2.com
8959,8960,doaj.org
8960,8961,igdownloader.app
8961,8962,philly.com
8962,8963,enikos.gr
8963,8964,ondisk.co.kr
8964,8965,pronews.gr
8965,8966,adjoe.zone
8966,8967,alphapolis.co.jp
8967,8968,qyxgame.com
8968,8969,transcend-cdn.com
8969,8970,chishi.ir
8970,8971,yourtango.com
8971,8972,lectormanga.lat
8972,8973,semana.es
8973,8974,ecuabet.com
8974,8975,evooli.com
8975,8976,pitc.com.pk
8976,8977,yadi.sk
8977,8978,ebayrtm.com
8978,8979,ufathpro.com
8979,8980,xn----ztbcbceder.net
8980,8981,superbthemes.com
8981,8982,arizona-rp.com
8982,8983,hpsmart.com
8983,8984,videotron.ca
8984,8985,trustedstack.com
8985,8986,jisin.jp
8986,8987,ati.su
8987,8988,y2mate.nu
8988,8989,nezavisne.com
8989,8990,kizlarsoruyor.com
8990,8991,klart.se
8991,8992,everestengagement.com
8992,8993,dropgame.jp
8993,8994,pewinternet.org
8994,8995,megapersonals.eu
8995,8996,ayobandung.com
8996,8997,mangatoto.net
8997,8998,arabxn.com
8998,8999,mhrs.gov.tr
8999,9000,jansatta.com
9000,9001,drecom.jp
9001,9002,tezenis.com
9002,9003,estadiodeportivo.com
9003,9004,fordham.edu
9004,9005,ranobes.top
9005,9006,kemkes.go.id
9006,9007,hostifi.com
9007,9008,learncbse.in
9008,9009,leroymerlin.pl
9009,9010,whois.com
9010,9011,fdating.com
9011,9012,xorgasmo.com
9012,9013,pptvhd36.com
9013,9014,yanmaga.jp
9014,9015,samayam.com
9015,9016,porno365.kiwi
9016,9017,leroymerlin.it
9017,9018,musicaldown.com
9018,9019,mitchell1.com
9019,9020,tuttojuve.com
9020,9021,solarweb.com
9021,9022,palantirfoundry.com
9022,9023,homedepot.com.mx
9023,9024,ardc.net
9024,9025,pornogratisdiario.com
9025,9026,keirin.jp
9026,9027,arabnudes.net
9027,9028,rixengine.com
9028,9029,dtruyen.com
9029,9030,bazos.sk
9030,9031,dexcom.com
9031,9032,krstarica.com
9032,9033,clickcease.com
9033,9034,virgilio.it
9034,9035,seesaa.net
9035,9036,premierbet.com
9036,9037,socialpointgames.com
9037,9038,lodz.pl
9038,9039,priceoye.pk
9039,9040,nguoiquansat.vn
9040,9041,bongdaplus.vn
9041,9042,zadn.vn
9042,9043,xnxxporn.video
9043,9044,megogo.net
9044,9045,google.com.tj
9045,9046,drivesmartgroup.autos
9046,9047,novelfull.com
9047,9048,bobaedream.co.kr
9048,9049,spectrumvoip.com
9049,9050,xn--ngbs7dg.net
9050,9051,mouseflow.com
9051,9052,google.tl
9052,9053,pomponik.pl
9053,9054,xvideos5.com
9054,9055,celebjihad.com
9055,9056,uchi.ru
9056,9057,goraggio.com
9057,9058,infomatix.tech
9058,9059,iza.ne.jp
9059,9060,romsgames.net
9060,9061,xosothantai.mobi
9061,9062,yodayo.com
9062,9063,ushmm.org
9063,9064,mihoyo.com
9064,9065,pho.to
9065,9066,mangapark.io
9066,9067,myhentaigallery.com
9067,9068,fetishshrine.com
9068,9069,jovencitas.gratis
9069,9070,railway.gov.bd
9070,9071,timebucks.com
9071,9072,fastwin.trade
9072,9073,avaaz.org
9073,9074,xxxmovies.life
9074,9075,ilbe.com
9075,9076,getblueshift.com
9076,9077,defensacentral.com
9077,9078,ua.edu
9078,9079,ck.page
9079,9080,samehadaku.email
9080,9081,hu-berlin.de
9081,9082,szerencsejatek.hu
9082,9083,egais.ru
9083,9084,rojadirectaenvivo.pl
9084,9085,21cineplex.com
9085,9086,newsburstpioneer.com
9086,9087,stripst.com
9087,9088,touchtunes.com
9088,9089,prf.hn
9089,9090,t-s2-msedge.net
9090,9091,flashscore.com.ua
9091,9092,surahquran.com
9092,9093,sena.edu.co
9093,9094,wpolityce.pl
9094,9095,irdeto.com
9095,9096,vietjack.com
9096,9097,arabam.com
9097,9098,oceans-nadia.com
9098,9099,analog.com
9099,9100,tameteo.com
9100,9101,anybunny.org
9101,9102,scotiabank.com
9102,9103,flashscore.es
9103,9104,awsdns-02.com
9104,9105,transfermarkt.it
9105,9106,brstej.com
9106,9107,stubhub.com
9107,9108,gulfsexxx.com
9108,9109,www.gob.pe
9109,9110,nekopoi.care
9110,9111,netlifyglobalcdn.com
9111,9112,rosszlanyok.hu
9112,9113,american.edu
9113,9114,aaxads.com
9114,9115,sinajs.cn
9115,9116,the-ans.jp
9116,9117,vijesti.me
9117,9118,arealme.com
9118,9119,minoplres.xyz
9119,9120,onthe.io
9120,9121,itorrents-igruha.org
9121,9122,houstonchronicle.com
9122,9123,kdocs.cn
9123,9124,seksvideo.tv
9124,9125,avto.net
9125,9126,no-ip.org
9126,9127,hotelscombined.com
9127,9128,arenaplus.net
9128,9129,selfstudys.com
9129,9130,meteored.mx
9130,9131,sex-studentki.name
9131,9132,allfreenovel.com
9132,9133,todorelatos.com
9133,9134,guim.co.uk
9134,9135,aqsi.ru
9135,9136,thehentai.net
9136,9137,tupaki.com
9137,9138,sokmil.com
9138,9139,ichatlink.net
9139,9140,bobibanking.com
9140,9141,erothots.co
9141,9142,etoland.co.kr
9142,9143,hexagon-analytics.com
9143,9144,bikedekho.com
9144,9145,liveramp.com
9145,9146,iliad.it
9146,9147,jin115.com
9147,9148,nationaltrust.org.uk
9148,9149,iteratehq.com
9149,9150,hostmonster.com
9150,9151,startech.com.bd
9151,9152,japanesebeauties.one
9152,9153,polovniautomobili.com
9153,9154,alkosto.com
9154,9155,mcmaster.ca
9155,9156,wbinsights.com
9156,9157,net-empregos.com
9157,9158,suckhoedoisong.vn
9158,9159,futurelearn.com
9159,9160,hdpornfree.xxx
9160,9161,tcsbank.ru
9161,9162,bloglovin.com
9162,9163,ultradns2.org
9163,9164,milannews.it
9164,9165,e1.ru
9165,9166,epey.com
9166,9167,zonaprop.com.ar
9167,9168,alo.bg
9168,9169,dichvucong.gov.vn
9169,9170,xn--pckua2a7gp15o89zb.com
9170,9171,click.ro
9171,9172,iobnet.co.in
9172,9173,webim2.ru
9173,9174,boxnovel.com
9174,9175,q10.com
9175,9176,itoolabs.net
9176,9177,drbokep.org
9177,9178,sift.com
9178,9179,sexelarab.com
9179,9180,tiwar.ru
9180,9181,singaporepools.com
9181,9182,jizzberry.com
9182,9183,hlebo.com
9183,9184,purelovers.com
9184,9185,itemsatis.com
9185,9186,gardenhomefuture.com
9186,9187,moppy.jp
9187,9188,redditspace.com
9188,9189,massagerepublic.com
9189,9190,pixnet.net
9190,9191,boat-lifestyle.com
9191,9192,bricodepot.fr
9192,9193,scorenga.com
9193,9194,state.co.us
9194,9195,sstatic.net
9195,9196,telemagazyn.pl
9196,9197,full-count.jp
9197,9198,loteriasdominicanas.com
9198,9199,getbee.io
9199,9200,sport.de
9200,9201,relay.school
9201,9202,watchhentai.net
9202,9203,action-media.ru
9203,9204,sunrise.ch
9204,9205,taoxh.life
9205,9206,wizards.com
9206,9207,pinterestdownloader.com
9207,9208,manhwaz.com
9208,9209,ikman.lk
9209,9210,pandora.net
9210,9211,genyt.net
9211,9212,xalabahia.com
9212,9213,chartink.com
9213,9214,nontondrama.click
9214,9215,shopch.jp
9215,9216,kaliscan.com
9216,9217,chochox.com
9217,9218,baycrews.jp
9218,9219,takarakuji-official.jp
9219,9220,gourmet-goodies-corner.com
9220,9221,claveunica.gob.cl
9221,9222,joann.com
9222,9223,indianoil.in
9223,9224,eaglecdn.com
9224,9225,piaotia.com
9225,9226,24-hd.com
9226,9227,dandomain.dk
9227,9228,indown.io
9228,9229,olx.kz
9229,9230,masterhost.ru
9230,9231,veopornogratis.xxx
9231,9232,sevastopolmedia.ru
9232,9233,foodnetwork.co.uk
9233,9234,rollout.io
9234,9235,socialmediatoday.com
9235,9236,invisioncic.com
9236,9237,aniagotuje.pl
9237,9238,crystalbet.com
9238,9239,askubuntu.com
9239,9240,lickmypush.pro
9240,9241,sodresantoro.com.br
9241,9242,instavideosave.net
9242,9243,christies.com
9243,9244,freewebnovel.me
9244,9245,gbqofs.io
9245,9246,route.com
9246,9247,hentaila.tv
9247,9248,espn.com.ve
9248,9249,sangetube.shop
9249,9250,millipiyangoonline.com
9250,9251,spacex.com
9251,9252,animevietsub.app
9252,9253,bald-news.com
9253,9254,star-mobi-game.site
9254,9255,truyenwikidich.net
9255,9256,assam.gov.in
9256,9257,imd.gov.in
9257,9258,asd.quest
9258,9259,lk21official.mom
9259,9260,altema.jp
9260,9261,finya.de
9261,9262,nebo.mobi
9262,9263,timesnowhindi.com
9263,9264,sexindrag.com
9264,9265,bocongan.gov.vn
9265,9266,freevideo.cz
9266,9267,avito.ma
9267,9268,netvasco.com.br
9268,9269,gofeminin.de
9269,9270,fsapi.com
9270,9271,meteored.com.ar
9271,9272,turbinemobile.com
9272,9273,aagag.com
9273,9274,juegosonce.es
9274,9275,pcmax.jp
9275,9276,sproutgigs.com
9276,9277,pmi.org
9277,9278,decathlon.de
9278,9279,mangaku.lat
9279,9280,atomex.net
9280,9281,pornototale.com
9281,9282,inporn.com
9282,9283,portaldasfinancas.gov.pt
9283,9284,apkhihe.net
9284,9285,banesconline.com
9285,9286,confusingepisodevest.com
9286,9287,gadsme.com
9287,9288,cinecalidad.ec
9288,9289,twibida.com
9289,9290,supersport.hr
9290,9291,avsee.in
9291,9292,facai88.club
9292,9293,pastelink.id
9293,9294,bjjinwangame.com
9294,9295,xossipy.com
9295,9296,scanme.sh
9296,9297,xrea.com
9297,9298,tbgameloader.com
9298,9299,locanto.com.au
9299,9300,xhspot.com
9300,9301,bandlab.com
9301,9302,djangoproject.com
9302,9303,muyzorras.com
9303,9304,foxweather.com
9304,9305,notube.lol
9305,9306,elintransigente.com
9306,9307,awsdns-35.com
9307,9308,rapidnewsflick.com
9308,9309,okbet.com
9309,9310,coupadev.com
9310,9311,smore.com
9311,9312,apuestatotal.com
9312,9313,sarthaks.com
9313,9314,filesdl.in
9314,9315,sextop1.site
9315,9316,gosquared.com
9316,9317,gk24.pl
9317,9318,ruangbokep.ws
9318,9319,bostonherald.com
9319,9320,dateinasia.com
9320,9321,manhwalampo.com
9321,9322,westmanga.fun
9322,9323,bongacams.com
9323,9324,xskt.com.vn
9324,9325,vercomicsporno.com
9325,9326,futbol-11.com
9326,9327,tanx.com
9327,9328,karlsruhe-insider.de
9328,9329,plarium.com
9329,9330,pointi.jp
9330,9331,baji.live
9331,9332,oaed.gr
9332,9333,avdbs.com
9333,9334,xxxvideobf.net
9334,9335,viggle.ai
9335,9336,nfse.gov.br
9336,9337,zona-militar.com
9337,9338,modilimitado.io
9338,9339,hotwire.com
9339,9340,pex.jp
9340,9341,tubidy.fun
9341,9342,kamigame.jp
9342,9343,leroymerlin.pt
9343,9344,hepsiemlak.com
9344,9345,futura-sciences.com
9345,9346,kantotin.com
9346,9347,lcv.ne.jp
9347,9348,orange.mg
9348,9349,cerdas.com
9349,9350,manhwaweb.com
9350,9351,icbc.com.cn
9351,9352,leercapitulo.co
9352,9353,uaserials.pro
9353,9354,tv9telugu.com
9354,9355,watchlakorn.in
9355,9356,webgo.de
9356,9357,webvisor.com
9357,9358,ss.lv
9358,9359,rynekzdrowia.pl
9359,9360,adjarabet.com
9360,9361,888scoreonline.net
9361,9362,duba.net
9362,9363,nto.pl
9363,9364,gays-cruising.com
9364,9365,animeyuzu.com
9365,9366,mangatale.co
9366,9367,watch-movies.com.pk
9367,9368,flashscore.com.ve
9368,9369,sarahah.pro
9369,9370,fastscans.net
9370,9371,hoathinh3d.run
9371,9372,etoro.com
9372,9373,flashscore.ro
9373,9374,sharefile.com
9374,9375,chittorgarh.com
9375,9376,conxxx.pro
9376,9377,semprot.com
9377,9378,kosmo.com.my
9378,9379,artigercek.com
9379,9380,testname.me
9380,9381,xxxpornhd.pro
9381,9382,urbanoutfitters.com
9382,9383,lngtd.com
9383,9384,desi-porn.tube
9384,9385,cic.fr
9385,9386,cloudflareresolve.com
9386,9387,moonactive.net
9387,9388,hdabla2.click
9388,9389,avtubofficial.com
9389,9390,csc.gov.in
9390,9391,hdpornvideoindia.pro
9391,9392,dizigom1.tv
9392,9393,aditude.cloud
9393,9394,dibalik.com
9394,9395,alerts.in.ua
9395,9396,slovenskenovice.si
9396,9397,tanksblitz.info
9397,9398,autogidas.lt
9398,9399,spectator.co.uk
9399,9400,poranny.pl
9400,9401,h-ani.com
9401,9402,naslovi.net
9402,9403,freejobalert.com
9403,9404,zurnal24.si
9404,9405,snezhnoe.dn.ua
9405,9406,quip.com
9406,9407,zbato.org
9407,9408,taleo.net
9408,9409,mobiledokan.com
9409,9410,ngmcasino.com
9410,9411,zeturf.com
9411,9412,82xnxx.com
9412,9413,2ch2.net
9413,9414,realclearpolitics.com
9414,9415,microworkers.com
9415,9416,goctruyentranhvui2.com
9416,9417,triunfobet.com
9417,9418,eleman.net
9418,9419,ddd-smart.net
9419,9420,fut.gg
9420,9421,apple.com.cn
9421,9422,aoxx69.net
9422,9423,slrclub.com
9423,9424,wfp.org
9424,9425,sassa.gov.za
9425,9426,top88.vip
9426,9427,ntu.edu.tw
9427,9428,dnevno.hr
9428,9429,kamusonhaber.com.tr
9429,9430,portal6.com.br
9430,9431,musixmatch.com
9431,9432,takvim.com.tr
9432,9433,wav.tv
9433,9434,flashscore.ua
9434,9435,queropassagem.com.br
9435,9436,samsungmdec.com
9436,9437,lectormanga.com
9437,9438,ice.co.il
9438,9439,vivalocal.com
9439,9440,viki.io
9440,9441,mingky.net
9441,9442,bmo.com
9442,9443,herminahospitals.com
9443,9444,iucn.org
9444,9445,shlonglugame.com
9445,9446,prajavani.net
9446,9447,backlinko.com
9447,9448,escort-advisor.com
9448,9449,lectormiau.com
9449,9450,skrb.org
9450,9451,sorrisi.com
9451,9452,laroza.net
9452,9453,nettruyenviet.com
9453,9454,sportdog.gr
9454,9455,dollartub.com
9455,9456,judge.me
9456,9457,isaimini.com.tr
9457,9458,campaign-archive1.com
9458,9459,masutabe.info
9459,9460,azoramoon.com
9460,9461,schema.org
9461,9462,adprime.com
9462,9463,sibokep.today
9463,9464,pysznosci.pl
9464,9465,expressbydgoski.pl
9465,9466,hsappstatic.net
9466,9467,paran.com
9467,9468,afp.ai
9468,9469,xlxx69.com
9469,9470,ldtax.gov.bd
9470,9471,fapclub.sex
9471,9472,mobiledokan.co
9472,9473,whattoexpect.com
9473,9474,minhngoc.net.vn
9474,9475,monkeyd.vn
9475,9476,ahen.me
9476,9477,uzbmb.uz
9477,9478,xforum.live
9478,9479,hjwzw.com
9479,9480,escapefromtarkov.com
9480,9481,drivemusic.me
9481,9482,lto.gov.ph
9482,9483,vtex.com
9483,9484,sportsport.ba
9484,9485,sexlilarab.com
9485,9486,nukistream.com
9486,9487,careerpower.in
9487,9488,deephot.link
9488,9489,haryana.gov.in
9489,9490,hsforms.net
9490,9491,cxwelcome.com
9491,9492,jalf.com
9492,9493,xxxnd.com
9493,9494,masafun.com
9494,9495,buumal.com
9495,9496,radar.io
9496,9497,thehartford.com
9497,9498,vegamovies.tw
9498,9499,shalove.net
9499,9500,twbook.cc
9500,9501,xnxxhindi.xyz
9501,9502,hph.co.ir
9502,9503,mcpehub.org
9503,9504,vps-server.ru
9504,9505,aagmaal.dev
9505,9506,dfbocai.net
9506,9507,yangkeduo.com
9507,9508,animeshentai.biz
9508,9509,bet91.club
9509,9510,bplay.bet.ar
9510,9511,celuapuestas.io
9511,9512,cricbet99.club
9512,9513,dpsports.bet
9513,9514,dreammail.jp
9514,9515,gamemania.co.ke
9515,9516,garotacomlocal.com
9516,9517,hubtech.live
9517,9518,krikya.io
9518,9519,mangakoma01.net
9519,9520,mangaraw.onl
9520,9521,masahub2.com
9521,9522,nyahentai.re
9522,9523,portalyaoi.com
9523,9524,seneporno.com
9524,9525,sengokuixa.jp
9525,9526,suki-kira.com
9526,9527,dmed.kz
9527,9528,bibliaonline.com.br
9528,9529,az24.vn
9529,9530,st-andrews.ac.uk
9530,9531,awsdns-05.com
9531,9532,rs-online.com
9532,9533,daryo.uz
9533,9534,srugim.co.il
9534,9535,gta.gov.zw
9535,9536,pagibigfundservices.com
9536,9537,opendsp.ru
9537,9538,shownews.pl
9538,9539,xmeye.net
9539,9540,n2ch.net
9540,9541,congthuong.vn
9541,9542,vidshare.site
9542,9543,anwap.lat
9543,9544,l-frii.com
9544,9545,037hdmovie.com
9545,9546,gs24.pl
9546,9547,workupjob.com
9547,9548,downloadmv.site
9548,9549,gtranslate.net
9549,9550,borwap.pro
9550,9551,utwente.nl
9551,9552,desiporn.one
9552,9553,sovcombank.group
9553,9554,edweek.org
9554,9555,mangatoto.org
9555,9556,mohito.com
9556,9557,lettuceclub.net
9557,9558,csis.org
9558,9559,mn.co
9559,9560,gyakorikerdesek.hu
9560,9561,aeolservice.es
9561,9562,americanprogress.org
9562,9563,technologijos.lt
9563,9564,mangafreak.me
9564,9565,saksfifthavenue.com
9565,9566,best-hit.tv
9566,9567,hdtoday.tv
9567,9568,attwifi.com
9568,9569,sex-studentki.meme
9569,9570,mangakimi.com
9570,9571,shiprocket.co
9571,9572,progoroduhta.ru
9572,9573,visiblemeasures.com
9573,9574,lesco.gov.pk
9574,9575,qvc.jp
9575,9576,openwebmedia.org
9576,9577,cdsc.com.np
9577,9578,flashscore.com.tr
9578,9579,sitepoint.com
9579,9580,adultsearch.com
9580,9581,petel.bg
9581,9582,eredmenyek.com
9582,9583,buchstaben.com
9583,9584,rapidshare.com
9584,9585,ibtimes.co.uk
9585,9586,prntscr.com
9586,9587,xnxx.xxx
9587,9588,escortsandbabes.com.au
9588,9589,clodo.ru
9589,9590,pinkrose.uno
9590,9591,plovdiv24.bg
9591,9592,botinok.porn
9592,9593,novel543.com
9593,9594,airbus.com
9594,9595,rtblab.net
9595,9596,canva.site
9596,9597,teachoo.com
9597,9598,netfirms.com
9598,9599,xvideos4.com
9599,9600,smartlook.cloud
9600,9601,aruodas.lt
9601,9602,dable.io
9602,9603,byd3c3.com
9603,9604,bkrtx.com
9604,9605,ritzcarlton.com
9605,9606,which.co.uk
9606,9607,havadurumu15gunluk.xyz
9607,9608,mofcom.gov.cn
9608,9609,acesso.gov.pt
9609,9610,upsdc.gov.in
9610,9611,kurnik.pl
9611,9612,awsdns-06.com
9612,9613,kai.id
9613,9614,imoim.app
9614,9615,liveleak.com
9615,9616,proboards.com
9616,9617,yeniakit.com.tr
9617,9618,oremanga.net
9618,9619,modaselvim.com
9619,9620,locanto.com.mx
9620,9621,yapo.cl
9621,9622,nepremicnine.net
9622,9623,nar.realtor
9623,9624,truyenyy.pro
9624,9625,playauto.cloud
9625,9626,tg7772.com
9626,9627,bet30.me
9627,9628,grail.bz
9628,9629,kayzen.io
9629,9630,xsmn.mobi
9630,9631,zagreb.info
9631,9632,yasexe.pro
9632,9633,gigabyte.com
9633,9634,flashscore.co
9634,9635,locanto.me
9635,9636,anime-sugoi.com
9636,9637,amsoveasea.com
9637,9638,yourdictionary.com
9638,9639,betpawa.co.tz
9639,9640,healthgrades.com
9640,9641,xvideo-jp.com
9641,9642,clashofclans-layouts.com
9642,9643,jagat.io
9643,9644,2beeg.me
9644,9645,ensedeciencia.com
9645,9646,lazada.com.my
9646,9647,intensedebate.com
9647,9648,dotyk.cz
9648,9649,eghtesadnews.com
9649,9650,tmomanga.com
9650,9651,ph365.com.ph
9651,9652,albumaty.com
9652,9653,libramemoria.com
9653,9654,runnersworld.com
9654,9655,zloteprzeboje.pl
9655,9656,net18plus.homes
9656,9657,tennessean.com
9657,9658,wfxs.tw
9658,9659,mt.gov
9659,9660,vn2.pro
9660,9661,solopornoitaliani.xxx
9661,9662,miku-doujin.com
9662,9663,agones.gr
9663,9664,indiabix.com
9664,9665,algolia.com
9665,9666,amaporn.com
9666,9667,unionbankonline.co.in
9667,9668,chinaq.tv
9668,9669,attentionxyz.com
9669,9670,mobizil.com
9670,9671,dochord.com
9671,9672,proximabeta.com
9672,9673,unipin.com
9673,9674,bizimhesap.com
9674,9675,xvideos69.xxx
9675,9676,pelotalibre.org
9676,9677,zonajakarta.com
9677,9678,streamzon.net
9678,9679,betpawa.cm
9679,9680,myqnapcloud.com
9680,9681,dorzeczy.pl
9681,9682,go-manga.com
9682,9683,paytm.me
9683,9684,estama.jp
9684,9685,hnext.jp
9685,9686,edgeonedy1.com
9686,9687,bankofindia.com
9687,9688,m98.bet
9688,9689,riyasewana.com
9689,9690,posterous.com
9690,9691,swc6.live
9691,9692,liu.se
9692,9693,arcgisonline.com
9693,9694,esm3ha.com
9694,9695,edkt.io
9695,9696,sexarabsx.com
9696,9697,pornobolt.me
9697,9698,xnxxar.net
9698,9699,ruay.com
9699,9700,elmaz.com
9700,9701,flashscore.co.id
9701,9702,pokepara.jp
9702,9703,qadc.top
9703,9704,lottopcso.com
9704,9705,edsbet.com
9705,9706,banglachotikahinii.com
9706,9707,pornoborshch.com
9707,9708,taz.de
9708,9709,eamobile.com
9709,9710,alarmnet.com
9710,9711,wantgoo.com
9711,9712,fairyanime.net
9712,9713,getclicky.com
9713,9714,afribaba.com
9714,9715,jappy.com
9715,9716,warau.jp
9716,9717,ato.gov.au
9717,9718,up-manga.com
9718,9719,twkan.com
9719,9720,cotodigital3.com.ar
9720,9721,22.cn
9721,9722,find-girls-now.com
9722,9723,ballotpedia.org
9723,9724,becasbenitojuarez.gob.mx
9724,9725,nngroup.com
9725,9726,flashscore.pe
9726,9727,ketqua01.net
9727,9728,napthe.vn
9728,9729,five9.com
9729,9730,buzzarab.com
9730,9731,loveread.me
9731,9732,y-medialink.com
9732,9733,parlons-basket.com
9733,9734,meteored.cl
9734,9735,vost.pw
9735,9736,nspk.ru
9736,9737,renee.pl
9737,9738,googirl.jp
9738,9739,archive-it.org
9739,9740,shcilestamp.com
9740,9741,townnews.com
9741,9742,anime-masters.com
9742,9743,redactie24.be
9743,9744,voltaxam.com
9744,9745,ditnhauvietnam.com
9745,9746,xpanas.wiki
9746,9747,limo.media
9747,9748,av-th.net
9748,9749,avsubthai.me
9749,9750,udiseplus.gov.in
9750,9751,shopsy.in
9751,9752,ettelaat.com
9752,9753,homeip.net
9753,9754,chanel.com
9754,9755,zone-turf.fr
9755,9756,lkqd.net
9756,9757,thitotnghiepthpt.edu.vn
9757,9758,playsport.cc
9758,9759,serieously.com
9759,9760,swcup6.live
9760,9761,dilar.tube
9761,9762,uppclonline.com
9762,9763,alpha-hen.com
9763,9764,born2be.pl
9764,9765,studying.jp
9765,9766,uukanshu.cc
9766,9767,bongdaso66.net
9767,9768,moviesmod.band
9768,9769,yieldlove-ad-serving.net
9769,9770,phimxxx.ai
9770,9771,vodafone.de
9771,9772,phe18.vip
9772,9773,bappam.to
9773,9774,wrike.com
9774,9775,xxnx.kim
9775,9776,xn--l3cmwb9e3d4b.com
9776,9777,anilife.live
9777,9778,chichnhau.net
9778,9779,mssm.edu
9779,9780,tunwalai.com
9780,9781,hotxv.com
9781,9782,101.ru
9782,9783,bqg9527.cc
9783,9784,xnhau.moe
9784,9785,htudns.com
9785,9786,chileatiende.gob.cl
9786,9787,zingtruyen.top
9787,9788,luxmovies.wiki
9788,9789,emltrk.com
9789,9790,public.app
9790,9791,ylilauta.org
9791,9792,caesars.com
9792,9793,superchatlive.com
9793,9794,xn--42c5ab1a9aq9hqb5dud.com
9794,9795,inwporn.com
9795,9796,awafim.tv
9796,9797,rareanimes.net
9797,9798,jogemoa.com
9798,9799,nu.or.id
9799,9800,avkuy.com
9800,9801,mysecurecloudhost.com
9801,9802,bdimg.com
9802,9803,arabxforum.com
9803,9804,waho.pro
9804,9805,8k8app11.com
9805,9806,bongdanet.co
9806,9807,thongtintruyen.com
9807,9808,metruyencv.info
9808,9809,darknaija.com
9809,9810,bodycontact.com
9810,9811,sarapbabe.com
9811,9812,gab.com
9812,9813,pavietnam.net
9813,9814,quiz-facts.com
9814,9815,adobe-identity.com
9815,9816,xsmn247.me
9816,9817,espacioapk.com
9817,9818,workday.com
9818,9819,cp.sk
9819,9820,comics18.org
9820,9821,newtoki.help
9821,9822,css-tricks.com
9822,9823,aleqaria.com.eg
9823,9824,pagalworld.com.sb
9824,9825,cloud.globo
9825,9826,pinayum.org
9826,9827,infosys.com
9827,9828,1geki.jp
9828,9829,twinsfun.com
9829,9830,kiskegyed.hu
9830,9831,surabaya.go.id
9831,9832,namefind.com
9832,9833,elephantbet.co.mz
9833,9834,phimsexbo.net
9834,9835,adstk.io
9835,9836,yatube.net
9836,9837,pagalnew.com
9837,9838,roeye.com
9838,9839,umontreal.ca
9839,9840,kdreams.jp
9840,9841,topgirl.co
9841,9842,nuevoloquo.ch
9842,9843,androidoyun.club
9843,9844,turfomania.fr
9844,9845,classificadosx.net
9845,9846,allpanelexch.com
9846,9847,duowanns.com
9847,9848,pagalfree.com
9848,9849,masstamilan.dev
9849,9850,twmanga.com
9850,9851,antarvasna3.com
9851,9852,desipornx.org
9852,9853,sepe.gob.es
9853,9854,tvguia.es
9854,9855,gaigu27.tv
9855,9856,laser247.online
9856,9857,jugandoonline.com.ar
9857,9858,gaymec.com
9858,9859,mangaraw.ac
9859,9860,dizy.com
9860,9861,animerulz.pro
9861,9862,o2tvseries2.com
9862,9863,q4cdn.com
9863,9864,adult-machiko.com
9864,9865,animedekho.net
9865,9866,aposta.la
9866,9867,bet365.bet.ar
9867,9868,bhojpurisex.site
9868,9869,djpunjab.is
9869,9870,dotmovies.cab
9870,9871,doujin-freee.com
9871,9872,familyclub.jp
9872,9873,hackerdoslot2.com
9873,9874,indianbfvideos.com
9874,9875,linkkf.net
9875,9876,liveplay365.com
9876,9877,notitimba.com
9877,9878,oolveri.com
9878,9879,syapp.jp
9879,9880,tamilkamaveri.com
9880,9881,tamilscandals2.com
9881,9882,tuma.jp
9882,9883,vi-vo.link
9883,9884,xmaza.net
9884,9885,xprimehub.top
9885,9886,xxxbfvideos.cc
9886,9887,sexarebi.com
9887,9888,nhm.ac.uk
9888,9889,damconuongz.com
9889,9890,kinovasek.net
9890,9891,mp4moviez.promo
9891,9892,aditude.io
9892,9893,sexmy69.pro
9893,9894,cootek.com
9894,9895,k8slens.dev
9895,9896,eghrmis.gov.my
9896,9897,lkpp.go.id
9897,9898,novaventa.com.co
9898,9899,arsmate.com
9899,9900,resulteachfoundation.pro
9900,9901,optimise.net
9901,9902,redlights.be
9902,9903,fictionexpress.com
9903,9904,fulldesisex.com
9904,9905,hipi.co.in
9905,9906,xn--72czbawn3i1b1dydua6cl3b.com
9906,9907,tujugada.com.ar
9907,9908,wral.com
9908,9909,6dngine.com
9909,9910,pelisplushd.to
9910,9911,zeturf.fr
9911,9912,82cook.com
9912,9913,flashscore.in
9913,9914,keleshuba.net
9914,9915,yiv.com
9915,9916,icarros.com.br
9916,9917,studygovtjob.in
9917,9918,bin69.com
9918,9919,etrain.info
9919,9920,datacamp.com
9920,9921,gkg.net
9921,9922,awsdns-11.com
9922,9923,atera.com
9923,9924,soccervital.com
9924,9925,e-jumbo.gr
9925,9926,fuegodevida.com
9926,9927,thelottovip.co
9927,9928,wikileaks.org
9928,9929,une.net.co
9929,9930,qidian.com
9930,9931,mjedge.net
9931,9932,utraff.com
9932,9933,tau.ac.il
9933,9934,relap.io
9934,9935,manhuafast.com
9935,9936,onboardicafe.com
9936,9937,thunes.com
9937,9938,helpme.net
9938,9939,hindixxx.club
9939,9940,gali-result.in
9940,9941,aade.gr
9941,9942,sportsbull.jp
9942,9943,thegfporn.com
9943,9944,tantora.jp
9944,9945,smartlook.com
9945,9946,hrylabour.gov.in
9946,9947,ntv.co.jp
9947,9948,zdn.vn
9948,9949,ketchjs.com
9949,9950,tippmix.hu
9950,9951,samagra.gov.in
9951,9952,grab-bat.net
9952,9953,technolife.ir
9953,9954,betclic.ci
9954,9955,decibelinsight.net
9955,9956,macpaw.com
9956,9957,businessinsider.in
9957,9958,quartier-rouge.be
9958,9959,myroute53.com
9959,9960,ably.net
9960,9961,dnse0.com
9961,9962,turf-fr.com
9962,9963,jecontacte.com
9963,9964,upbhulekh.gov.in
9964,9965,osvita.ua
9965,9966,babel.com
9966,9967,mex.com
9967,9968,zamalektoday.com
9968,9969,tabii.com
9969,9970,okala.com
9970,9971,clashofclans.com
9971,9972,d-deltanet.com
9972,9973,afilmywap.org.lc
9973,9974,qunaer.com
9974,9975,getblue.io
9975,9976,prakerja.go.id
9976,9977,doujin-y.com
9977,9978,napiszex.com
9978,9979,habersarikirmizi.com
9979,9980,voglioporno.com
9980,9981,nirvam.it
9981,9982,easytrader.ir
9982,9983,egramswaraj.gov.in
9983,9984,ptm-payable.com
9984,9985,sp-upi.com
9985,9986,bfans18.club
9986,9987,zebra.engineering
9987,9988,bgr.com
9988,9989,contaboserver.net
9989,9990,eronity.com
9990,9991,loteriasdehoy.co
9991,9992,gq-magazine.co.uk
9992,9993,pornolandia.xxx
9993,9994,olegb.ru
9994,9995,2k.com
9995,9996,skokka.in
9996,9997,paypalinc.com
9997,9998,zupee.com
9998,9999,xvideos53.com
9999,10000,amnh.org
