Website Name,Pixel ID,Fetched Date
google.com,,20240913
amazonaws.com,,20240913
microsoft.com,,20240913
facebook.com,,20240913
akamai.net,,20240913
a-msedge.net,,20240913
googleapis.com,,20240913
apple.com,,20240913
youtube.com,,20240913
root-servers.net,,20240913
azure.com,,20240913
akamaiedge.net,,20240913
twitter.com,,20240913
cloudflare.com,,20240913
instagram.com,,20240913
gstatic.com,,20240913
office.com,,20240913
linkedin.com,,20240913
tiktokcdn.com,,20240913
live.com,,20240913
googletagmanager.com,,20240913
googlevideo.com,,20240913
akadns.net,,20240913
gtld-servers.net,,20240913
windowsupdate.com,,20240913
fbcdn.net,,20240913
microsoftonline.com,,20240913
trafficmanager.net,,20240913
doubleclick.net,,20240913
amazon.com,,20240913
googleusercontent.com,,20240913
wikipedia.org,,20240913
bing.com,,20240913
office.net,,20240913
fastly.net,,20240913
apple-dns.net,,20240913
l-msedge.net,,20240913
domaincontrol.com,,20240913
wordpress.org,,20240913
googlesyndication.com,,20240913
icloud.com,,20240913
sharepoint.com,,20240913
youtu.be,,20240913
github.com,,20240913
netflix.com,,20240913
t-msedge.net,,20240913
mail.ru,,20240913
whatsapp.net,,20240913
aaplimg.com,,20240913
pinterest.com,,20240913
yahoo.com,,20240913
digicert.com,,20240913
s-msedge.net,,20240913
adobe.com,,20240913
cloudfront.net,,20240913
appsflyersdk.com,,20240913
goo.gl,,20240913
windows.net,,20240913
gvt2.com,,20240913
spotify.com,,20240913
vimeo.com,,20240913
tiktokv.com,,20240913
skype.com,,20240913
cdn77.org,,20240913
gvt1.com,,20240913
msn.com,,20240913
google-analytics.com,,20240913
whatsapp.com,,20240913
yandex.net,,20240913
gandi.net,,20240913
bit.ly,,20240913
zoom.us,,20240913
office365.com,,20240913
wac-msedge.net,,20240913
wordpress.com,,20240913
ntp.org,,20240913
roblox.com,,20240913
bytefcdn-oversea.com,,20240913
cloudflare.net,,20240913
qq.com,,20240913
nic.ru,,20240913
ytimg.com,,20240913
googledomains.com,,20240913
tiktok.com,,20240913
edgekey.net,,20240913
e2ro.com,,20240913
blogspot.com,,20240913
comcast.net,,20240913
mozilla.org,,20240913
cloudflare-dns.com,,20240913
opera.com,,20240913
reddit.com,,20240913
unity3d.com,,20240913
lencr.org,,20240913
googleadservices.com,,20240913
baidu.com,,20240913
cdninstagram.com,,20240913
trbcdn.net,,20240913
snapchat.com,,20240913
intuit.com,1827482914219447.2,20240913
europa.eu,,20240913
mts.ru,,20240913
amazon-adsystem.com,,20240913
samsung.com,,20240913
x.com,,20240913
t.me,,20240913
outlook.com,,20240913
macromedia.com,,20240913
a2z.com,,20240913
app-analytics-services.com,,20240913
rocket-cdn.com,,20240913
nih.gov,,20240913
dropbox.com,,20240913
tumblr.com,,20240913
wa.me,,20240913
app-measurement.com,,20240913
sentry.io,,20240913
msedge.net,,20240913
vk.com,,20240913
gravatar.com,,20240913
rbxcdn.com,,20240913
github.io,,20240913
windows.com,,20240913
ui.com,771349570139169.0,20240913
userapi.com,,20240913
dns.google,,20240913
bytefcdn-ttpeu.com,,20240913
one.one,,20240913
webex.com,,20240913
msftncsi.com,,20240913
xiaomi.com,,20240913
edgesuite.net,,20240913
nytimes.com,,20240913
aiv-cdn.net,,20240913
registrar-servers.com,,20240913
ggpht.com,,20240913
b-msedge.net,,20240913
ttlivecdn.com,,20240913
forms.gle,,20240913
applovin.com,,20240913
spo-msedge.net,,20240913
medium.com,,20240913
paypal.com,,20240913
archive.org,,20240913
flickr.com,,20240913
apache.org,,20240913
adnxs.com,,20240913
nist.gov,,20240913
epicgames.com,,20240913
ax-msedge.net,,20240913
telecid.ru,,20240913
com.plus,,20240913
criteo.com,,20240913
meraki.com,,20240913
dual-s-msedge.net,,20240913
dnsowl.com,,20240913
forbes.com,1494993704116832.0,20240913
qlivecdn.com,,20240913
mangosip.ru,,20240913
soundcloud.com,,20240913
casalemedia.com,,20240913
miit.gov.cn,,20240913
omtrdc.net,,20240913
cnn.com,,20240913
pki.goog,,20240913
aliyuncs.com,,20240913
myfritz.net,,20240913
t.co,,20240913
miui.com,,20240913
yandex.ru,,20240913
azurewebsites.net,,20240913
cdn-apple.com,,20240913
android.com,,20240913
amazon.dev,,20240913
taboola.com,,20240913
gmail.com,,20240913
tiktokcdn-us.com,,20240913
wsdvs.com,,20240913
theguardian.com,,20240913
2mdn.net,,20240913
w3.org,,20240913
kaspersky.com,,20240913
adobe.io,,20240913
wildberries.ru,,20240913
akamaized.net,,20240913
nginx.org,,20240913
demdex.net,,20240913
shifen.com,,20240913
nflxso.net,,20240913
ebay.com,,20240913
vtwenty.com,,20240913
o365filtering.com,,20240913
elisa.fi,,20240913
doubleverify.com,,20240913
bbc.co.uk,,20240913
akamaihd.net,,20240913
3gppnetwork.org,,20240913
creativecommons.org,,20240913
bbc.com,,20240913
twitch.tv,,20240913
nginx.com,,20240913
roku.com,,20240913
health.mil,,20240913
ozon.ru,,20240913
cisco.com,,20240913
imdb.com,,20240913
online.net,,20240913
sourceforge.net,,20240913
msftconnecttest.com,,20240913
amazonvideo.com,,20240913
jomodns.com,,20240913
adriver.ru,,20240913
mit.edu,,20240913
salesforce.com,,20240913
mzstatic.com,,20240913
ivi.ru,,20240913
edgecdn.ru,,20240913
sciencedirect.com,,20240913
ubuntu.com,,20240913
shopify.com,,20240913
b-cdn.net,,20240913
t-mobile.com,,20240913
scorecardresearch.com,,20240913
arubanetworks.com,,20240913
researchgate.net,,20240913
taobao.com,,20240913
washingtonpost.com,,20240913
smartadserver.com,,20240913
ring.com,,20240913
stripe.com,,20240913
crashlytics.com,,20240913
cmediahub.ru,,20240913
nr-data.net,,20240913
who.int,,20240913
hubspot.com,,20240913
youtube-nocookie.com,,20240913
facebook.net,,20240913
azureedge.net,,20240913
hp.com,,20240913
ampproject.org,,20240913
reg.ru,,20240913
booking.com,,20240913
dzeninfra.ru,,20240913
launchdarkly.com,,20240913
salesforceliveagent.com,,20240913
slack.com,,20240913
googleblog.com,,20240913
wikimedia.org,,20240913
wixsite.com,,20240913
byteoversea.net,,20240913
linktr.ee,,20240913
canva.com,,20240913
atomile.com,,20240913
doi.org,,20240913
cedexis.net,,20240913
rubiconproject.com,,20240913
mtgglobals.com,,20240913
openx.net,,20240913
issuu.com,,20240913
alicdn.com,,20240913
tinyurl.com,,20240913
appsflyer.com,,20240913
sharethrough.com,,20240913
example.com,,20240913
t-online.de,,20240913
oracle.com,,20240913
3lift.com,,20240913
discord.com,,20240913
harvard.edu,,20240913
vungle.com,,20240913
cdc.gov,,20240913
synology.com,,20240913
weebly.com,,20240913
adsrvr.org,,20240913
google.com.br,,20240913
netangels.ru,,20240913
drom.ru,,20240913
cdngslb.com,,20240913
reuters.com,,20240913
avast.com,,20240913
rlcdn.com,,20240913
opendns.com,,20240913
godaddy.com,,20240913
pubmatic.com,,20240913
go.com,,20240913
dailymail.co.uk,,20240913
media.net,,20240913
cdn20.com,,20240913
ttdns2.com,,20240913
www.gov.uk,,20240913
amazon.co.uk,,20240913
weibo.com,,20240913
wiley.com,,20240913
tiktokv.us,,20240913
samsungqbe.com,,20240913
slideshare.net,,20240913
googletagservices.com,,20240913
espn.com,,20240913
steampowered.com,,20240913
bidswitch.net,,20240913
alibabadns.com,,20240913
wbx2.com,,20240913
media-amazon.com,,20240913
usatoday.com,,20240913
appcenter.ms,,20240913
ripn.net,,20240913
dns-parking.com,,20240913
samsungcloud.com,,20240913
jsdelivr.net,,20240913
1c.ru,,20240913
bloomberg.com,,20240913
nease.net,,20240913
criteo.net,,20240913
playstation.net,,20240913
telegraph.co.uk,,20240913
nature.com,,20240913
adsafeprotected.com,,20240913
openai.com,,20240913
etsy.com,,20240913
ibm.com,,20240913
twimg.com,,20240913
pangle.io,,20240913
wsj.com,,20240913
worldfcdn2.com,,20240913
weather.com,,20240913
azurefd.net,,20240913
quantserve.com,,20240913
un.org,,20240913
hichina.com,,20240913
notamedia.ru,,20240913
shalltry.com,,20240913
zendesk.com,,20240913
lijit.com,,20240913
samsungcloudsolution.com,,20240913
my.com,,20240913
dailymotion.com,,20240913
allawnos.com,,20240913
businessinsider.com,,20240913
mi.com,,20240913
dnsmadeeasy.com,,20240913
springer.com,,20240913
wp.com,,20240913
google.de,,20240913
php.net,,20240913
inmobi.com,,20240913
liadm.com,,20240913
douyincdn.com,,20240913
mcafee.com,,20240913
ibyteimg.com,,20240913
adform.net,,20240913
discord.gg,,20240913
indeed.com,,20240913
eset.com,1391352437799300.0,20240913
quora.com,,20240913
sc-cdn.net,,20240913
ea.com,,20240913
clarity.ms,,20240913
list-manage.com,,20240913
dzen.ru,,20240913
pixabay.com,,20240913
outbrain.com,,20240913
pages.dev,,20240913
creativecdn.com,,20240913
stackoverflow.com,,20240913
nasa.gov,,20240913
yximgs.com,,20240913
force.com,,20240913
independent.co.uk,,20240913
sohu.com,,20240913
forter.com,1728398090810847.0,20240913
stanford.edu,,20240913
unsplash.com,,20240913
gnu.org,,20240913
ksyuncdn.com,,20240913
inner-active.mobi,,20240913
telekom.net,,20240913
cnbc.com,,20240913
tripadvisor.com,,20240913
cpanel.net,,20240913
name-services.com,,20240913
eventbrite.com,,20240913
tp-link.com,,20240913
google.co.uk,,20240913
comfortel.pro,,20240913
pv-cdn.net,,20240913
nstld.com,,20240913
sophos.com,,20240913
xcal.tv,,20240913
aliexpress.com,,20240913
elasticbeanstalk.com,,20240913
adobe.net,,20240913
heytapdl.com,,20240913
chatgpt.com,,20240913
static.microsoft,,20240913
consultant.ru,,20240913
amazonalexa.com,,20240913
giphy.com,,20240913
id5-sync.com,,20240913
xboxlive.com,,20240913
mozilla.com,,20240913
npr.org,,20240913
gosuslugi.ru,,20240913
yahoo.co.jp,,20240913
sfx.ms,,20240913
globo.com,,20240913
checkpoint.com,,20240913
sc-gw.com,,20240913
mynetname.net,,20240913
ok.ru,,20240913
bilibili.com,,20240913
dell.com,,20240913
myshopify.com,,20240913
kaspersky-labs.com,,20240913
statista.com,,20240913
isnssdk.com,,20240913
goodreads.com,,20240913
ys7.com,,20240913
f5.com,,20240913
ttvnw.net,,20240913
cloud.microsoft,,20240913
avcdn.net,,20240913
dotomi.com,,20240913
amazon.de,,20240913
foxnews.com,,20240913
autodesk.com,,20240913
g.page,,20240913
imcmdb.net,,20240913
rambler.ru,,20240913
nvidia.com,,20240913
walmart.com,,20240913
teamviewer.com,,20240913
capcutapi.com,,20240913
addtoany.com,,20240913
time.com,,20240913
telegram.org,,20240913
indexww.com,,20240913
firetvcaptiveportal.com,,20240913
aliyun.com,,20240913
tds.net,,20240913
grammarly.com,,20240913
byteoversea.com,,20240913
verisign.com,,20240913
gamepass.com,,20240913
tradingview.com,,20240913
naver.com,,20240913
wired.com,,20240913
alibaba.com,,20240913
entrust.net,,20240913
nflximg.com,,20240913
accuweather.com,,20240913
hicloud.com,,20240913
beian.gov.cn,,20240913
mikrotik.com,,20240913
temu.com,,20240913
online-metrix.net,,20240913
kwai.net,,20240913
speedtest.net,,20240913
duckduckgo.com,,20240913
wix.com,,20240913
amzn.to,,20240913
digitalocean.com,,20240913
uber.com,,20240913
telegram.me,,20240913
blogger.com,,20240913
vedcdnlb.com,,20240913
duckdns.org,,20240913
behance.net,,20240913
ngenix.net,,20240913
ctdns.cn,,20240913
chinamobile.com,,20240913
cnet.com,,20240913
surveymonkey.com,,20240913
scribd.com,,20240913
mayoclinic.org,,20240913
healthline.com,,20240913
debian.org,,20240913
vkuser.net,,20240913
ft.com,,20240913
launchpad.net,,20240913
phicdn.net,,20240913
expedia.com,,20240913
trendmicro.com,,20240913
delfi.lt,,20240913
telekom.de,,20240913
onlinepbx.ru,,20240913
cloudapp.net,,20240913
mediatek.com,,20240913
duolingo.com,,20240913
google.com.hk,,20240913
ups.com,,20240913
branch.io,,20240913
icloud-content.com,,20240913
rzone.de,,20240913
indiatimes.com,,20240913
blueapron.com,,20240913
xvideos.com,,20240913
ted.com,,20240913
disqus.com,,20240913
squarespace.com,,20240913
akam.net,,20240913
dnspod.net,,20240913
ovscdns.com,,20240913
trustpilot.com,,20240913
huawei.com,,20240913
mozgcp.net,,20240913
grammarly.io,,20240913
360yield.com,,20240913
hotjar.com,,20240913
imgsmail.ru,,20240913
aol.com,,20240913
safebrowsing.apple,,20240913
msidentity.com,,20240913
google.ca,,20240913
fandom.com,,20240913
calendly.com,,20240913
nypost.com,,20240913
virtualearth.net,,20240913
google.fr,,20240913
intel.com,,20240913
deviantart.com,,20240913
sentinelone.net,,20240913
amazontrust.com,,20240913
mailchimp.com,,20240913
xhamster.com,,20240913
imgur.com,,20240913
rackspace.net,,20240913
mysql.com,,20240913
cdnbuild.net,,20240913
goskope.com,,20240913
upwitheaway.info,,20240913
ca.gov,,20240913
yahoodns.net,,20240913
vkontakte.ru,,20240913
rakuten.co.jp,,20240913
hostgator.com,,20240913
adtrafficquality.google,,20240913
buzzfeed.com,,20240913
braze.com,,20240913
sapo.pt,,20240913
netease.com,,20240913
onetrust.com,,20240913
azure-dns.com,,20240913
aboutads.info,,20240913
visualstudio.com,,20240913
uol.com.br,,20240913
google.co.jp,,20240913
cbsnews.com,,20240913
oup.com,,20240913
steamcommunity.com,,20240913
loc.gov,,20240913
deepintent.com,,20240913
playstation.com,,20240913
freepik.com,,20240913
patreon.com,,20240913
bdydns.com,,20240913
jquery.com,,20240913
netflix.net,,20240913
tencent-cloud.net,,20240913
line.me,,20240913
paloaltonetworks.com,,20240913
apnews.com,,20240913
berkeley.edu,,20240913
sina.com.cn,,20240913
mega.co.nz,,20240913
ietf.org,,20240913
omnitagjs.com,,20240913
kwimgs.com,,20240913
licdn.com,,20240913
yandex.com,,20240913
163.com,,20240913
conviva.com,,20240913
yieldmo.com,,20240913
amazon.co.jp,,20240913
cornell.edu,,20240913
newsweek.com,,20240913
cookielaw.org,,20240913
marriott.com,,20240913
fb.com,,20240913
tandfonline.com,,20240913
bigo.sg,,20240913
noaa.gov,,20240913
techcrunch.com,,20240913
ezvizlife.com,,20240913
nike.com,,20240913
qualtrics.com,,20240913
theverge.com,,20240913
atlassian.com,,20240913
newrelic.com,,20240913
amplitude.com,,20240913
360.cn,,20240913
shutterstock.com,,20240913
ovscdns.net,,20240913
yelp.com,,20240913
worldnic.com,,20240913
livejournal.com,,20240913
agkn.com,,20240913
myspace.com,,20240913
rt.ru,,20240913
go-mpulse.net,,20240913
free.fr,,20240913
myqcloud.com,,20240913
smaato.net,,20240913
moatads.com,,20240913
wattpad.com,,20240913
britannica.com,2553589638276202.0,20240913
ikea.com,,20240913
google.co.in,,20240913
google.es,,20240913
latimes.com,,20240913
tapad.com,,20240913
crwdcntrl.net,,20240913
docker.com,,20240913
optimizely.com,,20240913
spov-msedge.net,,20240913
webmd.com,428750600651790.0,20240913
typekit.net,,20240913
att.net,,20240913
google.it,,20240913
okta.com,,20240913
timeweb.ru,,20240913
fontawesome.com,,20240913
live.net,,20240913
adobedtm.com,,20240913
life360.com,,20240913
contentsquare.net,,20240913
att.com,,20240913
byteglb.com,,20240913
dns-shop.ru,206787897352879.0,20240913
svc.ms,,20240913
wal-mart.com,,20240913
stackadapt.com,,20240913
ipv4only.arpa,,20240913
galleryvalery.com,,20240913
pandora.com,,20240913
prnewswire.com,,20240913
pinimg.com,,20240913
hugedomains.com,,20240913
w3schools.com,,20240913
elpais.com,,20240913
dbankcloud.com,,20240913
cookiedatabase.org,,20240913
usgovcloudapi.net,,20240913
target.com,,20240913
klaviyo.com,,20240913
nflxvideo.net,,20240913
sagepub.com,,20240913
amazon.ca,,20240913
amazon.fr,,20240913
name.com,,20240913
herokuapp.com,,20240913
ieee.org,1591804690854330.0,20240913
samsungapps.com,,20240913
igamecj.com,,20240913
imrworldwide.com,,20240913
easebar.com,,20240913
beeline.ru,,20240913
nbcnews.com,,20240913
cdnhwc1.com,,20240913
mlb.com,2892474421069407.0,20240913
bidr.io,,20240913
nelreports.net,,20240913
intercom.io,,20240913
bitrix24.ru,,20240913
e-msedge.net,,20240913
contextweb.com,,20240913
kaspi.kz,,20240913
awsglobalaccelerator.com,,20240913
33across.com,,20240913
cambridge.org,,20240913
addthis.com,,20240913
jotform.com,,20240913
gumgum.com,,20240913
mediafire.com,,20240913
usda.gov,,20240913
ks-cdn.com,,20240913
rackspace.com,,20240913
hbr.org,173481989821205.0,20240913
erome.com,,20240913
allaboutcookies.org,,20240913
steamstatic.com,,20240913
investopedia.com,,20240913
everesttech.net,,20240913
360safe.com,,20240913
coinmarketcap.com,,20240913
1rx.io,,20240913
bamgrid.com,,20240913
prmsrvs.com,,20240913
brave.com,,20240913
shein.com,,20240913
service.gov.uk,,20240913
impervadns.net,,20240913
samsungacr.com,,20240913
fda.gov,,20240913
washington.edu,,20240913
fedex.com,,20240913
teads.tv,,20240913
datadoghq.com,,20240913
networkadvertising.org,,20240913
bestbuy.com,,20240913
aws.dev,,20240913
crpt.ru,,20240913
appspot.com,,20240913
comcast.com,,20240913
unesco.org,,20240913
zemanta.com,,20240913
incapdns.net,,20240913
googlezip.net,,20240913
amazon.in,,20240913
box.com,,20240913
footprintdns.com,,20240913
anydesk.com,,20240913
xiaomi.net,,20240913
lemonde.fr,,20240913
olympics.com,,20240913
gcdn.co,,20240913
herokudns.com,,20240913
theatlantic.com,,20240913
cdnvideo.ru,,20240913
sberbank.ru,,20240913
rncdn7.com,,20240913
bluekai.com,,20240913
oraclecloud.com,,20240913
spaceweb.pro,,20240913
huffingtonpost.com,,20240913
mixpanel.com,,20240913
shopee.co.id,466924370133774.0,20240913
wb.ru,,20240913
rbc.ru,,20240913
udemy.com,,20240913
youku.com,,20240913
riotgames.com,,20240913
pendo.io,,20240913
nationalgeographic.com,,20240913
warnerbros.com,,20240913
airbnb.com,,20240913
viber.com,,20240913
people.com,,20240913
nikkei.com,,20240913
cdnhwc2.com,,20240913
pvp.net,,20240913
browser-intake-datadoghq.com,,20240913
miwifi.com,,20240913
dns.com,,20240913
fiverr.com,,20240913
zillow.com,,20240913
dbankcloud.cn,,20240913
turn.com,,20240913
usps.com,,20240913
a-mo.net,,20240913
kargo.com,,20240913
xbox.com,,20240913
vivoglobal.com,,20240913
omni.ru,,20240913
avito.ru,,20240913
quickconnect.to,,20240913
1drv.com,,20240913
chartboost.com,,20240913
tremorhub.com,,20240913
mailchi.mp,,20240913
google.cn,,20240913
w55c.net,,20240913
globalsign.com,,20240913
yellowblue.io,,20240913
sitescout.com,,20240913
fast.com,,20240913
bandcamp.com,,20240913
cqloud.com,,20240913
mgts.ru,,20240913
ya.ru,,20240913
themeforest.net,,20240913
liftoff.io,,20240913
homedepot.com,,20240913
heytapmobile.com,,20240913
isappcloud.com,,20240913
azure-devices.net,,20240913
news.com.au,,20240913
bitdefender.com,,20240913
stickyadstv.com,,20240913
webrootcloudav.com,,20240913
bluehost.com,,20240913
bugsnag.com,,20240913
zoho.com,,20240913
mgid.com,,20240913
plesk.com,,20240913
discordapp.com,550821025425262.0,20230122
infonline.de,,20240913
onlyfans.com,,20240913
xnxx.com,,20240913
ipredictive.com,,20240913
rapid7.com,,20240913
google.pl,,20240913
protek.ru,,20240913
gitlab.com,,20240913
ioam.de,,20240913
upwork.com,,20240913
ssl-images-amazon.com,,20240913
maricopa.gov,,20240913
gandi-ns.fr,,20240913
wyzecam.com,,20240913
change.org,,20240913
princeton.edu,,20240913
heylink.me,,20240913
hostgator.com.br,,20240913
express.co.uk,,20240913
cloudflareinsights.com,,20240913
huffpost.com,1621685564716533.0,20230122
githubusercontent.com,,20240913
onetag-sys.com,,20240913
pubmnet.com,,20240913
bootstrapcdn.com,,20240913
netgear.com,,20240913
cloudns.net,,20240913
epa.gov,,20240913
shopee.com.br,,20240913
samsungosp.com,,20240913
spbycdn.com,,20240913
fastly-edge.com,,20240913
canonical.com,,20240913
unrulymedia.com,,20240913
redhat.com,,20240913
kickstarter.com,,20240913
iso.org,,20240913
lefigaro.fr,,20240913
ebay.co.uk,,20240913
fbsbx.com,,20240913
lenovo.com,,20240913
adnxs.net,,20240913
pbs.org,,20240913
bild.de,,20240913
amazon.es,,20240913
scdn.co,,20240913
lgtvcommon.com,,20240913
google.com.mx,,20240913
intentiq.com,,20240913
ameblo.jp,,20240913
allegro.pl,,20240913
rspamd.com,,20240913
bytetcdn.com,,20240913
bankofamerica.com,,20240913
dreamhost.com,610616632411055.0,20230122
worldbank.org,,20240913
ad.gt,,20240913
ndtv.com,,20240913
whitehouse.gov,,20240913
academia.edu,,20240913
supercell.com,,20240913
flashtalking.com,,20240913
withgoogle.com,,20240913
google.com.tr,,20240913
aniview.com,,20240913
pornhub.com,,20240913
me.com,,20240913
mozilla.net,,20240913
upravel.com,,20240913
squarespacedns.com,,20240913
arcgis.com,,20240913
unpkg.com,,20240913
va.gov,,20240913
primevideo.com,,20240913
amazon.it,,20240913
alidns.com,,20240913
seznam.cz,,20240913
adjust.com,,20240913
nest.com,,20240913
kahoot.it,,20240913
firebaseio.com,,20240913
awswaf.com,,20240913
sonobi.com,,20240913
xerox.com,,20240913
service-now.com,,20240913
abovedomains.com,,20240913
disneyplus.com,,20240913
hindustantimes.com,,20240913
apigee.net,,20240913
spamhaus.org,,20240913
genius.com,,20240913
daum.net,,20240913
firefox.com,,20240913
state.gov,,20240913
mirtesen.ru,,20240913
welt.de,,20240913
wp.pl,,20240913
deloitte.com,,20240913
chaturbate.com,,20240913
biblegateway.com,920317504719022,20240913
statcounter.com,,20240913
chartbeat.net,,20240913
typeform.com,,20240913
btloader.com,,20240913
otto.de,,20240913
mckinsey.com,,20240913
atlassian.net,,20240913
lg.com,,20240913
yimg.com,,20240913
ecdns.net,,20240913
dnsv1.com,,20240913
smartthings.com,,20240913
markmonitor.com,,20240913
msecnd.net,,20240913
vivo.com.cn,,20240913
tabtab-staging.com,,20240913
tokopedia.com,,20240913
arxiv.org,,20240913
segment.io,,20240913
discogs.com,,20240913
nhk.or.jp,,20240913
ui-dns.com,,20240913
economist.com,,20240913
apple.news,,20240913
2gis.com,,20240913
realtor.com,,20240913
docker.io,1646638862321038,20240913
lowes.com,,20240913
linode.com,1276761735802781,20240913
attn.tv,,20240913
amazon.com.br,,20240913
kohls.com,,20240913
churnzero.net,,20240913
mdpi.com,,20240913
ohthree.com,,20240913
nintendo.com,,20240913
tinkoff.ru,,20240913
repubblica.it,,20240913
mob.com,,20240913
hm.com,,20240913
adobedc.net,,20240913
columbia.edu,,20240913
exelator.com,,20240913
spotifycdn.com,,20240913
adgrx.com,,20240913
postrelease.com,,20240913
samsungcloudsolution.net,,20240913
adroll.com,,20240913
